signal,price,cash,position,position_value,total_value,daily_pnl,returns,cumulative_returns,drawdown
0.0,3.986999988555908,1000000.0,0,0.0,1000000.0,0.0,0.0,0.0,0.0
0.0,4.001999855041504,1000000.0,0,0.0,1000000.0,0.0,0.0,0.0,0.0
0.0,4.000999927520752,1000000.0,0,0.0,1000000.0,0.0,0.0,0.0,0.0
0.0,3.9719998836517334,1000000.0,0,0.0,1000000.0,0.0,0.0,0.0,0.0
0.0,4.014999866485596,1000000.0,0,0.0,1000000.0,0.0,0.0,0.0,0.0
0.0,4.013000011444092,1000000.0,0,0.0,1000000.0,0.0,0.0,0.0,0.0
0.0,4.025000095367432,1000000.0,0,0.0,1000000.0,0.0,0.0,0.0,0.0
0.0,4.019000053405762,1000000.0,0,0.0,1000000.0,0.0,0.0,0.0,0.0
0.0,4.0269999504089355,1000000.0,0,0.0,1000000.0,0.0,0.0,0.0,0.0
0.0,4.050000190734863,1000000.0,0,0.0,1000000.0,0.0,0.0,0.0,0.0
0.0,4.065999984741211,1000000.0,0,0.0,1000000.0,0.0,0.0,0.0,0.0
0.0,4.056000232696533,1000000.0,0,0.0,1000000.0,0.0,0.0,0.0,0.0
0.0,4.067999839782715,1000000.0,0,0.0,1000000.0,0.0,0.0,0.0,0.0
0.0,4.10099983215332,1000000.0,0,0.0,1000000.0,0.0,0.0,0.0,0.0
0.0,4.0960001945495605,1000000.0,0,0.0,1000000.0,0.0,0.0,0.0,0.0
0.0,4.068999767303467,1000000.0,0,0.0,1000000.0,0.0,0.0,0.0,0.0
0.0,4.091000080108643,1000000.0,0,0.0,1000000.0,0.0,0.0,0.0,0.0
0.0,4.125,1000000.0,0,0.0,1000000.0,0.0,0.0,0.0,0.0
-1.0,4.071000099182129,1000000.0,0,0.0,1000000.0,0.0,0.0,0.0,0.0
0.0,4.01800012588501,1000000.0,0,0.0,1000000.0,0.0,0.0,0.0,0.0
0.0,4.010000228881836,1000000.0,0,0.0,1000000.0,0.0,0.0,0.0,0.0
0.0,4.010000228881836,1000000.0,0,0.0,1000000.0,0.0,0.0,0.0,0.0
0.0,4.019000053405762,1000000.0,0,0.0,1000000.0,0.0,0.0,0.0,0.0
0.0,3.993000030517578,1000000.0,0,0.0,1000000.0,0.0,0.0,0.0,0.0
1.0,4.01800012588501,1.6113117852946743,248631,998999.3892989159,999001.0006107012,-998.9993892988423,-0.0009989993892988158,-0.0009989993892988158,-0.0009989993892988423
0.0,4.014999866485596,1.6113117852946743,248631,998253.4318041801,998255.0431159654,-745.9574947357178,-0.0007467034510272308,-0.001744956884034532,-0.0017449568840345602
0.0,4.001999855041504,1.6113117852946743,248631,995021.2259588242,995022.8372706095,-3232.2058453559875,-0.003237855764060993,-0.004977162729390527,-0.004977162729390547
0.0,4.000999927520752,1.6113117852946743,248631,994772.6129794121,994774.2242911974,-248.61297941207886,-0.0002498565561510624,-0.005225775708802671,-0.005225775708802626
0.0,3.992000102996826,1.6113117852946743,248631,992534.9776082039,992536.5889199892,-2237.635371208191,-0.0022493901797692173,-0.007463411080010807,-0.007463411080010817
0.0,4.010000228881836,1.6113117852946743,248631,997010.3669071198,997011.978218905,4475.389298915863,0.0045090421339384346,-0.0029880217810950294,-0.0029880217810949543
0.0,4.005000114440918,1.6113117852946743,248631,995767.1834535599,995768.7947653452,-1243.1834535598755,-0.001246909245544603,-0.004231205234654922,-0.0042312052346548295
0.0,4.017000198364258,1.6113117852946743,248631,998750.7763195038,998752.3876312891,2983.5928659439087,0.0029962707022235247,-0.0012476123687110707,-0.0012476123687109211
0.0,4.007999897003174,1.6113117852946743,248631,996513.0223917961,996514.6337035814,-2237.753927707672,-0.0022405492646829783,-0.0034853662964187127,-0.0034853662964185934
0.0,4.020999908447266,1.6113117852946743,248631,999745.2282371521,999746.8395489374,3232.2058453559875,0.003243510668120786,-0.00025316045106271723,-0.0002531604510626057
0.0,4.010000228881836,1.6113117852946743,248631,997010.3669071198,997011.978218905,-2734.8613300323486,-0.0027355538640825294,-0.0029880217810951404,-0.0029880217810949543
0.0,4.014999866485596,1.6113117852946743,248631,998253.4318041801,998255.0431159654,1243.0648970603943,0.0012467903337340935,-0.001744956884034754,-0.0017449568840345602
0.0,4.0289998054504395,1.6113117852946743,248631,1001734.2506289482,1001735.8619407335,3480.8188247680664,0.003486903320721435,0.0017358619407332743,0.0
0.0,4.026000022888184,1.6113117852946743,248631,1000988.411690712,1000990.0230024973,-745.8389382362366,-0.0007445465082893676,0.0009900230024970647,-0.000744546508289391
0.0,4.044000148773193,1.6113117852946743,248631,1005463.8009896278,1005465.4123014131,4475.389298915863,0.004470962942759282,0.005465412301413064,0.0
0.0,4.071000099182129,1.6113117852946743,248631,1012176.8256597519,1012178.4369715372,6713.024670124054,0.006676534655487121,0.012178436971537199,0.0
0.0,4.076000213623047,1.6113117852946743,248631,1013420.0091133118,1013421.6204250971,1243.1834535598755,0.0012282255856779223,0.013421620425097203,0.0
0.0,4.0329999923706055,1.6113117852946743,248631,1002728.821103096,1002730.4324148813,-10691.18801021576,-0.01054959534584543,0.0027304324148813564,-0.010549595345845451
0.0,4.0329999923706055,1.6113117852946743,248631,1002728.821103096,1002730.4324148813,0.0,0.0,0.0027304324148813564,-0.010549595345845451
0.0,4.060999870300293,1.6113117852946743,248631,1009690.4587526321,1009692.0700644174,6961.637649536133,0.006942681127938277,0.009692070064417635,-0.0036801566944222115
0.0,4.089000225067139,1.6113117852946743,248631,1016652.2149586678,1016653.826270453,6961.756206035614,0.006894930060797,0.016653826270453198,0.0
0.0,4.142000198364258,1.6113117852946743,248631,1029829.6513195038,1029831.2626312891,13177.436360836029,0.012961576517325213,0.0298312626312891,0.0
0.0,4.138999938964844,1.6113117852946743,248631,1029083.6938247681,1029085.3051365534,-745.9574947357178,-0.000724349242253286,0.029085305136553385,-0.0007243492422532848
0.0,4.173999786376953,1.6113117852946743,248631,1037785.7408866882,1037787.3521984735,8702.047061920166,0.008456098846699067,0.03778735219847351,0.0
0.0,4.197999954223633,1.6113117852946743,248631,1043752.926618576,1043754.5379303613,5967.185731887817,0.005749911789969975,0.043754537930361215,0.0
0.0,4.327000141143799,1.6113117852946743,248631,1075826.3720927238,1075827.9834045093,32073.445474147913,0.0307289159554176,0.07582798340450903,0.0
0.0,4.285999774932861,1.6113117852946743,248631,1065632.4100413322,1065634.0213531177,-10193.962051391602,-0.009475457237254847,0.06563402135311747,-0.0094754572372549
0.0,4.2230000495910645,1.6113117852946743,248631,1049968.725329876,1049970.3366416614,-15663.684711456299,-0.014698934528729612,0.04997033664166106,-0.024035112640424298
0.0,4.252999782562256,1.6113117852946743,248631,1057427.5889382362,1057429.2002500216,7458.8636083602905,0.007103880317435918,0.057429200250021406,-0.017101974886602016
0.0,4.275000095367432,1.6113117852946743,248631,1062897.5487113,1062899.1600230853,5469.95977306366,0.005172885117765258,0.06289916002308527,-0.012017556320212149
0.0,4.245999813079834,1.6113117852946743,248631,1055687.1795258522,1055688.7908376376,-7210.369185447693,-0.006783681328049074,0.05568879083763756,-0.018719714375843063
0.0,4.224999904632568,1.6113117852946743,248631,1050465.9512887,1050467.5626004855,-5221.2282371521,-0.00494580247746057,0.05046756260048535,-0.023572932843566194
0.0,4.239999771118164,1.6113117852946743,248631,1054195.3830928802,1054196.9944046657,3729.4318041801453,0.0035502588913338684,0.05419699440466563,-0.020106363966655057
0.0,4.248000144958496,1.6113117852946743,248631,1056184.5240411758,1056186.1353529613,1989.1409482955933,0.001886877840530099,0.05618613535296113,-0.018257424378747274
0.0,4.281000137329102,1.6113117852946743,248631,1064389.3451442719,1064390.9564560573,8204.821103096008,0.007768347669470321,0.06439095645605719,-0.010630906729400156
-1.0,4.2210001945495605,1048423.639183466,0,0.0,1048423.639183466,-15967.317272591288,-0.015001365030153258,0.048423639183465816,-0.02547279364710418
0.0,4.269000053405762,1048423.639183466,0,0.0,1048423.639183466,0.0,0.0,0.048423639183465816,-0.02547279364710418
0.0,4.329999923706055,1048423.639183466,0,0.0,1048423.639183466,0.0,0.0,0.048423639183465816,-0.02547279364710418
0.0,4.328000068664551,1048423.639183466,0,0.0,1048423.639183466,0.0,0.0,0.048423639183465816,-0.02547279364710418
0.0,4.2870001792907715,1048423.639183466,0,0.0,1048423.639183466,0.0,0.0,0.048423639183465816,-0.02547279364710418
0.0,4.310999870300293,1048423.639183466,0,0.0,1048423.639183466,0.0,0.0,0.048423639183465816,-0.02547279364710418
0.0,4.341000080108643,1048423.639183466,0,0.0,1048423.639183466,0.0,0.0,0.048423639183465816,-0.02547279364710418
0.0,4.3460001945495605,1048423.639183466,0,0.0,1048423.639183466,0.0,0.0,0.048423639183465816,-0.02547279364710418
0.0,4.366000175476074,1048423.639183466,0,0.0,1048423.639183466,0.0,0.0,0.048423639183465816,-0.02547279364710418
0.0,4.323999881744385,1048423.639183466,0,0.0,1048423.639183466,0.0,0.0,0.048423639183465816,-0.02547279364710418
0.0,4.304999828338623,1048423.639183466,0,0.0,1048423.639183466,0.0,0.0,0.048423639183465816,-0.02547279364710418
0.0,4.296999931335449,1048423.639183466,0,0.0,1048423.639183466,0.0,0.0,0.048423639183465816,-0.02547279364710418
0.0,4.308000087738037,1048423.639183466,0,0.0,1048423.639183466,0.0,0.0,0.048423639183465816,-0.02547279364710418
0.0,4.288000106811523,1048423.639183466,0,0.0,1048423.639183466,0.0,0.0,0.048423639183465816,-0.02547279364710418
0.0,4.2769999504089355,1048423.639183466,0,0.0,1048423.639183466,0.0,0.0,0.048423639183465816,-0.02547279364710418
0.0,4.315999984741211,1048423.639183466,0,0.0,1048423.639183466,0.0,0.0,0.048423639183465816,-0.02547279364710418
0.0,4.322999954223633,1048423.639183466,0,0.0,1048423.639183466,0.0,0.0,0.048423639183465816,-0.02547279364710418
0.0,4.333000183105469,1048423.639183466,0,0.0,1048423.639183466,0.0,0.0,0.048423639183465816,-0.02547279364710418
0.0,4.297999858856201,1048423.639183466,0,0.0,1048423.639183466,0.0,0.0,0.048423639183465816,-0.02547279364710418
0.0,4.394999980926514,1048423.639183466,0,0.0,1048423.639183466,0.0,0.0,0.048423639183465816,-0.02547279364710418
0.0,4.414999961853027,1048423.639183466,0,0.0,1048423.639183466,0.0,0.0,0.048423639183465816,-0.02547279364710418
0.0,4.368000030517578,1048423.639183466,0,0.0,1048423.639183466,0.0,0.0,0.048423639183465816,-0.02547279364710418
0.0,4.376999855041504,1048423.639183466,0,0.0,1048423.639183466,0.0,0.0,0.048423639183465816,-0.02547279364710418
0.0,4.3979997634887695,1048423.639183466,0,0.0,1048423.639183466,0.0,0.0,0.048423639183465816,-0.02547279364710418
0.0,4.394000053405762,1048423.639183466,0,0.0,1048423.639183466,0.0,0.0,0.048423639183465816,-0.02547279364710418
0.0,4.364999771118164,1048423.639183466,0,0.0,1048423.639183466,0.0,0.0,0.048423639183465816,-0.02547279364710418
0.0,4.381999969482422,1048423.639183466,0,0.0,1048423.639183466,0.0,0.0,0.048423639183465816,-0.02547279364710418
0.0,4.36899995803833,1048423.639183466,0,0.0,1048423.639183466,0.0,0.0,0.048423639183465816,-0.02547279364710418
0.0,4.353000164031982,1048423.639183466,0,0.0,1048423.639183466,0.0,0.0,0.048423639183465816,-0.02547279364710418
0.0,4.34499979019165,1048423.639183466,0,0.0,1048423.639183466,0.0,0.0,0.048423639183465816,-0.02547279364710418
0.0,4.329999923706055,1048423.639183466,0,0.0,1048423.639183466,0.0,0.0,0.048423639183465816,-0.02547279364710418
0.0,4.3470001220703125,1048423.639183466,0,0.0,1048423.639183466,0.0,0.0,0.048423639183465816,-0.02547279364710418
0.0,4.329999923706055,1048423.639183466,0,0.0,1048423.639183466,0.0,0.0,0.048423639183465816,-0.02547279364710418
0.0,4.3520002365112305,1048423.639183466,0,0.0,1048423.639183466,0.0,0.0,0.048423639183465816,-0.02547279364710418
0.0,4.335000038146973,1048423.639183466,0,0.0,1048423.639183466,0.0,0.0,0.048423639183465816,-0.02547279364710418
0.0,4.309999942779541,1048423.639183466,0,0.0,1048423.639183466,0.0,0.0,0.048423639183465816,-0.02547279364710418
0.0,4.314000129699707,1048423.639183466,0,0.0,1048423.639183466,0.0,0.0,0.048423639183465816,-0.02547279364710418
0.0,4.300000190734863,1048423.639183466,0,0.0,1048423.639183466,0.0,0.0,0.048423639183465816,-0.02547279364710418
0.0,4.364999771118164,1048423.639183466,0,0.0,1048423.639183466,0.0,0.0,0.048423639183465816,-0.02547279364710418
0.0,4.361999988555908,1048423.639183466,0,0.0,1048423.639183466,0.0,0.0,0.048423639183465816,-0.02547279364710418
0.0,4.375,1048423.639183466,0,0.0,1048423.639183466,0.0,0.0,0.048423639183465816,-0.02547279364710418
0.0,4.323999881744385,1048423.639183466,0,0.0,1048423.639183466,0.0,0.0,0.048423639183465816,-0.02547279364710418
1.0,4.35699987411499,1.421602099086158,240389,1047374.8427386284,1047376.2643407275,-1047.3748427384999,-0.0009989996444130789,0.04737626434072717,-0.026446345979721547
0.0,4.36299991607666,1.421602099086158,240389,1048817.1868257523,1048818.6084278515,1442.3440871239873,0.0013771021324717747,0.04881860842785102,-0.02510566316669449
0.0,4.3379998207092285,1.421602099086158,240389,1042807.4389004707,1042808.8605025698,-6009.747925281641,-0.00573001649378635,0.04280886050256938,-0.030691823796448237
0.0,4.375,1.421602099086158,240389,1051701.875,1051703.2966020992,8894.436099529383,0.008529306219399402,0.051703296602098714,-0.022424297540640584
0.0,4.377999782562256,1.421602099086158,240389,1052422.9897303581,1052424.4113324573,721.1147303581238,0.0006856636588359333,0.05242441133245679,-0.021754009407703084
0.0,4.388000011444092,1.421602099086158,240389,1054826.9347510338,1054828.356353133,2403.945020675659,0.002284197320767234,0.054828356353132435,-0.019519502536940844
0.0,4.36299991607666,1.421602099086158,240389,1048817.1868257523,1048818.6084278515,-6009.747925281525,-0.005697370467038887,0.04881860842785102,-0.02510566316669449
0.0,4.328999996185303,1.421602099086158,240389,1040643.9800829887,1040645.4016850878,-8173.206742763636,-0.007792774343520659,0.04064540168508746,-0.03270279474241269
1.0,4.359000205993652,1.421602099086158,240389,1047855.7005186081,1047857.1221207072,7211.720435619354,0.00693004593489932,0.04785712212070692,-0.025999380677277927
0.0,4.366000175476074,1.421602099086158,240389,1049538.416182518,1049539.8377846172,1682.7156639100285,0.0016058636510523083,0.04953983778461679,-0.024435268486605034
0.0,4.374000072479248,1.421602099086158,240389,1051461.503423214,1051462.9250253132,1923.0872406959534,0.0018323146692127423,0.05146292502531269,-0.022647726918286416
0.0,4.355999946594238,1.421602099086158,240389,1047134.4711618423,1047135.8927639414,-4327.032261371729,-0.004115249485632133,0.04713589276394092,-0.026669775357367382
0.0,4.354000091552734,1.421602099086158,240389,1046653.7280082703,1046655.1496103693,-480.7431535720825,-0.00045910292722672885,0.04665514961036887,-0.02711663411265905
0.0,4.349999904632568,1.421602099086158,240389,1045692.1270747185,1045693.5486768176,-961.6009335517883,-0.00091873711595436,0.045693548676817075,-0.028010458170394333
0.0,4.335000038146973,1.421602099086158,240389,1042086.3241701126,1042087.7457722117,-3605.8029046058655,-0.003448240556871096,0.042087745772211305,-0.03136211192938574
0.0,4.3429999351501465,1.421602099086158,240389,1044009.4114108086,1044010.8330129076,1923.0872406959534,0.0018454177668800753,0.044010833012907424,-0.02957457036106712
0.0,4.348999977111816,1.421602099086158,240389,1045451.7554979324,1045453.1771000315,1442.3440871238708,0.001381541303514533,0.04545317710003127,-0.028233887548040168
0.0,4.357999801635742,1.421602099086158,240389,1047615.2143154144,1047616.6359175135,2163.4588174819946,0.002069398099189046,0.047616635917513195,-0.026222916602075715
0.0,4.363999843597412,1.421602099086158,240389,1049057.5584025383,1049058.9800046375,1442.3440871239873,0.0013767861617248744,0.049058980004637265,-0.024882233789048653
0.0,4.367000102996826,1.421602099086158,240389,1049778.787759304,1049780.2093614032,721.2293567657471,0.0006875012468436914,0.04978020936140304,-0.0242118391089592
0.0,4.364999771118164,1.421602099086158,240389,1049297.9299793243,1049299.3515814235,-480.8577799797058,-0.00045805567269385783,0.04929935158142329,-0.02465880441140282
0.0,4.359000205993652,1.421602099086158,240389,1047855.7005186081,1047857.1221207072,-1442.229460716364,-0.0013744690288264305,0.04785712212070692,-0.025999380677277927
0.0,4.369999885559082,1.421602099086158,240389,1050499.9024896622,1050501.3240917614,2644.2019710541936,0.0025234375137925813,0.05050132409176111,-0.023541550976021702
0.0,4.374000072479248,1.421602099086158,240389,1051461.503423214,1051462.9250253132,961.6009335517883,0.0009153733665050456,0.05146292502531291,-0.022647726918286416
0.0,4.370999813079834,1.421602099086158,240389,1050740.2740664482,1050741.6956685474,-721.2293567657471,-0.0006859294223315882,0.05074169566854714,-0.02331812159837587
0.0,4.4079999923706055,1.421602099086158,240389,1059634.7101659775,1059636.1317680767,8894.436099529266,0.008464912105605515,0.05963613176807625,-0.015050595342568323
-1.0,4.388000011444092,1053773.5294183819,0,0.0,1053773.5294183819,-5862.602349694818,-0.005532656139152881,0.05377352941838143,-0.020499981713001197
0.0,4.406000137329102,1053773.5294183819,0,0.0,1053773.5294183819,0.0,0.0,0.05377352941838143,-0.020499981713001197
0.0,4.421999931335449,1053773.5294183819,0,0.0,1053773.5294183819,0.0,0.0,0.05377352941838143,-0.020499981713001197
0.0,4.4730000495910645,1053773.5294183819,0,0.0,1053773.5294183819,0.0,0.0,0.05377352941838143,-0.020499981713001197
0.0,4.46999979019165,1053773.5294183819,0,0.0,1053773.5294183819,0.0,0.0,0.05377352941838143,-0.020499981713001197
0.0,4.453000068664551,1053773.5294183819,0,0.0,1053773.5294183819,0.0,0.0,0.05377352941838143,-0.020499981713001197
0.0,4.441999912261963,1053773.5294183819,0,0.0,1053773.5294183819,0.0,0.0,0.05377352941838143,-0.020499981713001197
0.0,4.420000076293945,1053773.5294183819,0,0.0,1053773.5294183819,0.0,0.0,0.05377352941838143,-0.020499981713001197
0.0,4.439000129699707,1053773.5294183819,0,0.0,1053773.5294183819,0.0,0.0,0.05377352941838143,-0.020499981713001197
0.0,4.447999954223633,1053773.5294183819,0,0.0,1053773.5294183819,0.0,0.0,0.05377352941838143,-0.020499981713001197
0.0,4.4039998054504395,1053773.5294183819,0,0.0,1053773.5294183819,0.0,0.0,0.05377352941838143,-0.020499981713001197
0.0,4.408999919891357,1053773.5294183819,0,0.0,1053773.5294183819,0.0,0.0,0.05377352941838143,-0.020499981713001197
0.0,4.426000118255615,1053773.5294183819,0,0.0,1053773.5294183819,0.0,0.0,0.05377352941838143,-0.020499981713001197
0.0,4.425000190734863,1053773.5294183819,0,0.0,1053773.5294183819,0.0,0.0,0.05377352941838143,-0.020499981713001197
0.0,4.406000137329102,1053773.5294183819,0,0.0,1053773.5294183819,0.0,0.0,0.05377352941838143,-0.020499981713001197
0.0,4.401000022888184,1053773.5294183819,0,0.0,1053773.5294183819,0.0,0.0,0.05377352941838143,-0.020499981713001197
0.0,4.409999847412109,1053773.5294183819,0,0.0,1053773.5294183819,0.0,0.0,0.05377352941838143,-0.020499981713001197
0.0,4.414000034332275,1053773.5294183819,0,0.0,1053773.5294183819,0.0,0.0,0.05377352941838143,-0.020499981713001197
0.0,4.410999774932861,1053773.5294183819,0,0.0,1053773.5294183819,0.0,0.0,0.05377352941838143,-0.020499981713001197
0.0,4.395999908447266,1053773.5294183819,0,0.0,1053773.5294183819,0.0,0.0,0.05377352941838143,-0.020499981713001197
1.0,4.414999961853027,3.806508280104026,238441,1052717.0059041977,1052720.8124124778,-1052.7170059040654,-0.0009989973903454796,0.05272081241247739,-0.021478499675113217
0.0,4.421000003814697,3.806508280104026,238441,1054147.6619095802,1054151.4684178603,1430.6560053825378,0.0013590079995702276,0.054151468417860116,-0.020148681128420318
0.0,4.431000232696533,3.806508280104026,238441,1056532.126484394,1056535.9329926742,2384.464574813843,0.0022619752912669266,0.05653593299267401,-0.017932281656017592
0.0,4.433000087738037,3.806508280104026,238441,1057008.9739203453,1057012.7804286254,476.8474359512329,0.0004513310158800188,0.05701278042862534,-0.01748904403503452
0.0,4.428999900817871,3.806508280104026,238441,1056055.165350914,1056058.971859194,-953.8085694313049,-0.0009023623811289516,0.05605897185919395,-0.018375624960744345
0.0,4.421000003814697,3.806508280104026,238441,1054147.6619095802,1054151.4684178603,-1907.5034413337708,-0.0018062470867281633,0.054151468417860116,-0.020148681128420318
1.0,4.438000202178955,3.806508280104026,238441,1058201.2062077522,1058205.0127160323,4053.544298171997,0.0038453148523862613,0.05820501271603207,-0.016380844298833155
0.0,4.431000232696533,3.806508280104026,238441,1056532.126484394,1056535.9329926742,-1669.0797233581543,-0.0015772744442725806,0.05653593299267401,-0.017932281656017592
0.0,4.452000141143799,3.806508280104026,238441,1061539.3656544685,1061543.1721627486,5007.239170074463,0.0047392985072369775,0.061543172162748405,-0.013277969584464281
0.0,4.464000225067139,3.806508280104026,238441,1064400.6776652336,1064404.4841735137,2861.3120107650757,0.0026954268896435263,0.06440448417351341,-0.010618332491078481
0.0,4.447999954223633,3.806508280104026,238441,1060585.5570850372,1060589.3635933173,-3815.1205801963806,-0.003584277064708874,0.060589363593317014,-0.014164550510174108
0.0,4.449999809265137,3.806508280104026,238441,1061062.4045209885,1061066.2110292686,476.8474359512329,0.00044960608914235145,0.061066211029268125,-0.013721312889191033
0.0,4.461999893188477,3.806508280104026,238441,1063923.7165317535,1063927.5230400336,2861.3120107650757,0.002696638514187999,0.06392752304003313,-0.011061675795805232
0.0,4.4770002365112305,3.806508280104026,238441,1067500.4133939743,1067504.2199022544,3576.696862220764,0.003361786197616956,0.06750421990225397,-0.0077370765872011435
0.0,4.49399995803833,3.806508280104026,238441,1071553.8439946175,1071557.6505028976,4053.430600643158,0.003797109674202881,0.0715576505028972,-0.003969345441357659
0.0,4.488999843597412,3.806508280104026,238441,1070361.6117072105,1070365.4182154906,-1192.2322874069214,-0.0011126160938214058,0.07036541821549025,-0.0050775451775590215
0.0,4.50600004196167,3.806508280104026,238441,1074415.1560053825,1074418.9625136626,4053.544298171997,0.0037870658274161695,0.0744189625136622,-0.0013097083479718583
0.0,4.507999897003174,3.806508280104026,238441,1074892.0034413338,1074895.8099496139,476.8474359512329,0.0004438188942939014,0.07489580994961331,-0.0008664707269887841
0.0,4.505000114440918,3.806508280104026,238441,1074176.732287407,1074180.538795687,-715.2711539268494,-0.0006654330096982353,0.07418053879568642,-0.0015313271584633955
0.0,4.504000186920166,3.806508280104026,238441,1073938.3085694313,1073942.1150777114,-238.42371797561646,-0.0002219587018797986,0.07394211507771087,-0.0017529459689549325
0.0,4.535999774932861,3.806508280104026,238441,1081568.3223347664,1081572.1288430465,7630.013765335083,0.007104678788747432,0.08157212884304599,0.0
0.0,4.545000076293945,3.806508280104026,238441,1083714.3631916046,1083718.1696998847,2146.0408568382263,0.001984186536993837,0.0837181696998841,0.0
0.0,4.546000003814697,3.806508280104026,238441,1083952.7869095802,1083956.5934178603,238.42371797561646,0.00022000527871712805,0.08395659341785966,0.0
0.0,4.557000160217285,3.806508280104026,238441,1086575.6752023697,1086579.4817106498,2622.8882927894592,0.002419735539888279,0.08657948171064911,0.0
0.0,4.5920000076293945,3.806508280104026,238441,1094921.0738191605,1094924.8803274406,8345.398616790771,0.007680430890938839,0.09492488032743984,0.0
-1.0,4.547999858856201,1083349.011219466,0,0.0,1083349.011219466,-11575.86910797446,-0.010572295246878194,0.08334901121946547,-0.01057229524687818
0.0,4.52400016784668,1083349.011219466,0,0.0,1083349.011219466,0.0,0.0,0.08334901121946547,-0.01057229524687818
0.0,4.559000015258789,1083349.011219466,0,0.0,1083349.011219466,0.0,0.0,0.08334901121946547,-0.01057229524687818
0.0,4.593999862670898,1083349.011219466,0,0.0,1083349.011219466,0.0,0.0,0.08334901121946547,-0.01057229524687818
0.0,4.579999923706055,1083349.011219466,0,0.0,1083349.011219466,0.0,0.0,0.08334901121946547,-0.01057229524687818
0.0,4.560999870300293,1083349.011219466,0,0.0,1083349.011219466,0.0,0.0,0.08334901121946547,-0.01057229524687818
0.0,4.580999851226807,1083349.011219466,0,0.0,1083349.011219466,0.0,0.0,0.08334901121946547,-0.01057229524687818
0.0,4.578000068664551,1083349.011219466,0,0.0,1083349.011219466,0.0,0.0,0.08334901121946547,-0.01057229524687818
0.0,4.511000156402588,1083349.011219466,0,0.0,1083349.011219466,0.0,0.0,0.08334901121946547,-0.01057229524687818
0.0,4.435999870300293,1083349.011219466,0,0.0,1083349.011219466,0.0,0.0,0.08334901121946547,-0.01057229524687818
0.0,4.40500020980835,1083349.011219466,0,0.0,1083349.011219466,0.0,0.0,0.08334901121946547,-0.01057229524687818
0.0,4.3480000495910645,1083349.011219466,0,0.0,1083349.011219466,0.0,0.0,0.08334901121946547,-0.01057229524687818
0.0,4.355000019073486,1083349.011219466,0,0.0,1083349.011219466,0.0,0.0,0.08334901121946547,-0.01057229524687818
0.0,4.389999866485596,1083349.011219466,0,0.0,1083349.011219466,0.0,0.0,0.08334901121946547,-0.01057229524687818
0.0,4.40500020980835,1083349.011219466,0,0.0,1083349.011219466,0.0,0.0,0.08334901121946547,-0.01057229524687818
0.0,4.460000038146973,1083349.011219466,0,0.0,1083349.011219466,0.0,0.0,0.08334901121946547,-0.01057229524687818
0.0,4.480000019073486,1083349.011219466,0,0.0,1083349.011219466,0.0,0.0,0.08334901121946547,-0.01057229524687818
0.0,4.5229997634887695,1083349.011219466,0,0.0,1083349.011219466,0.0,0.0,0.08334901121946547,-0.01057229524687818
0.0,4.546999931335449,1083349.011219466,0,0.0,1083349.011219466,0.0,0.0,0.08334901121946547,-0.01057229524687818
0.0,4.5970001220703125,1083349.011219466,0,0.0,1083349.011219466,0.0,0.0,0.08334901121946547,-0.01057229524687818
0.0,4.572000026702881,1083349.011219466,0,0.0,1083349.011219466,0.0,0.0,0.08334901121946547,-0.01057229524687818
0.0,4.574999809265137,1083349.011219466,0,0.0,1083349.011219466,0.0,0.0,0.08334901121946547,-0.01057229524687818
0.0,4.557000160217285,1083349.011219466,0,0.0,1083349.011219466,0.0,0.0,0.08334901121946547,-0.01057229524687818
0.0,4.590000152587891,1083349.011219466,0,0.0,1083349.011219466,0.0,0.0,0.08334901121946547,-0.01057229524687818
0.0,4.598999977111816,1083349.011219466,0,0.0,1083349.011219466,0.0,0.0,0.08334901121946547,-0.01057229524687818
0.0,4.609000205993652,1083349.011219466,0,0.0,1083349.011219466,0.0,0.0,0.08334901121946547,-0.01057229524687818
0.0,4.619999885559082,1083349.011219466,0,0.0,1083349.011219466,0.0,0.0,0.08334901121946547,-0.01057229524687818
0.0,4.603000164031982,1083349.011219466,0,0.0,1083349.011219466,0.0,0.0,0.08334901121946547,-0.01057229524687818
0.0,4.61299991607666,1083349.011219466,0,0.0,1083349.011219466,0.0,0.0,0.08334901121946547,-0.01057229524687818
0.0,4.610000133514404,1083349.011219466,0,0.0,1083349.011219466,0.0,0.0,0.08334901121946547,-0.01057229524687818
0.0,4.586999893188477,1083349.011219466,0,0.0,1083349.011219466,0.0,0.0,0.08334901121946547,-0.01057229524687818
0.0,4.568999767303467,1083349.011219466,0,0.0,1083349.011219466,0.0,0.0,0.08334901121946547,-0.01057229524687818
0.0,4.551000118255615,1083349.011219466,0,0.0,1083349.011219466,0.0,0.0,0.08334901121946547,-0.01057229524687818
0.0,4.520999908447266,1083349.011219466,0,0.0,1083349.011219466,0.0,0.0,0.08334901121946547,-0.01057229524687818
0.0,4.553999900817871,1083349.011219466,0,0.0,1083349.011219466,0.0,0.0,0.08334901121946547,-0.01057229524687818
0.0,4.538000106811523,1083349.011219466,0,0.0,1083349.011219466,0.0,0.0,0.08334901121946547,-0.01057229524687818
0.0,4.558000087738037,1083349.011219466,0,0.0,1083349.011219466,0.0,0.0,0.08334901121946547,-0.01057229524687818
0.0,4.577000141143799,1083349.011219466,0,0.0,1083349.011219466,0.0,0.0,0.08334901121946547,-0.01057229524687818
0.0,4.559000015258789,1083349.011219466,0,0.0,1083349.011219466,0.0,0.0,0.08334901121946547,-0.01057229524687818
0.0,4.572000026702881,1083349.011219466,0,0.0,1083349.011219466,0.0,0.0,0.08334901121946547,-0.01057229524687818
0.0,4.521999835968018,1083349.011219466,0,0.0,1083349.011219466,0.0,0.0,0.08334901121946547,-0.01057229524687818
0.0,4.515999794006348,1083349.011219466,0,0.0,1083349.011219466,0.0,0.0,0.08334901121946547,-0.01057229524687818
0.0,4.499000072479248,1083349.011219466,0,0.0,1083349.011219466,0.0,0.0,0.08334901121946547,-0.01057229524687818
0.0,4.494999885559082,1083349.011219466,0,0.0,1083349.011219466,0.0,0.0,0.08334901121946547,-0.01057229524687818
0.0,4.499000072479248,1083349.011219466,0,0.0,1083349.011219466,0.0,0.0,0.08334901121946547,-0.01057229524687818
0.0,4.546000003814697,1083349.011219466,0,0.0,1083349.011219466,0.0,0.0,0.08334901121946547,-0.01057229524687818
0.0,4.559999942779541,1083349.011219466,0,0.0,1083349.011219466,0.0,0.0,0.08334901121946547,-0.01057229524687818
0.0,4.591000080108643,1083349.011219466,0,0.0,1083349.011219466,0.0,0.0,0.08334901121946547,-0.01057229524687818
0.0,4.589000225067139,1083349.011219466,0,0.0,1083349.011219466,0.0,0.0,0.08334901121946547,-0.01057229524687818
0.0,4.589000225067139,1083349.011219466,0,0.0,1083349.011219466,0.0,0.0,0.08334901121946547,-0.01057229524687818
0.0,4.64300012588501,1083349.011219466,0,0.0,1083349.011219466,0.0,0.0,0.08334901121946547,-0.01057229524687818
-1.0,4.579999923706055,1083349.011219466,0,0.0,1083349.011219466,0.0,0.0,0.08334901121946547,-0.01057229524687818
0.0,4.578000068664551,1083349.011219466,0,0.0,1083349.011219466,0.0,0.0,0.08334901121946547,-0.01057229524687818
0.0,4.584000110626221,1083349.011219466,0,0.0,1083349.011219466,0.0,0.0,0.08334901121946547,-0.01057229524687818
0.0,4.591000080108643,1083349.011219466,0,0.0,1083349.011219466,0.0,0.0,0.08334901121946547,-0.01057229524687818
0.0,4.557000160217285,1083349.011219466,0,0.0,1083349.011219466,0.0,0.0,0.08334901121946547,-0.01057229524687818
0.0,4.539000034332275,1083349.011219466,0,0.0,1083349.011219466,0.0,0.0,0.08334901121946547,-0.01057229524687818
0.0,4.5289998054504395,1083349.011219466,0,0.0,1083349.011219466,0.0,0.0,0.08334901121946547,-0.01057229524687818
0.0,4.5980000495910645,1083349.011219466,0,0.0,1083349.011219466,0.0,0.0,0.08334901121946547,-0.01057229524687818
0.0,4.590000152587891,1083349.011219466,0,0.0,1083349.011219466,0.0,0.0,0.08334901121946547,-0.01057229524687818
0.0,4.576000213623047,1083349.011219466,0,0.0,1083349.011219466,0.0,0.0,0.08334901121946547,-0.01057229524687818
0.0,4.589000225067139,1083349.011219466,0,0.0,1083349.011219466,0.0,0.0,0.08334901121946547,-0.01057229524687818
0.0,4.604000091552734,1083349.011219466,0,0.0,1083349.011219466,0.0,0.0,0.08334901121946547,-0.01057229524687818
0.0,4.605000019073486,1083349.011219466,0,0.0,1083349.011219466,0.0,0.0,0.08334901121946547,-0.01057229524687818
0.0,4.626999855041504,1083349.011219466,0,0.0,1083349.011219466,0.0,0.0,0.08334901121946547,-0.01057229524687818
0.0,4.633999824523926,1083349.011219466,0,0.0,1083349.011219466,0.0,0.0,0.08334901121946547,-0.01057229524687818
0.0,4.646999835968018,1083349.011219466,0,0.0,1083349.011219466,0.0,0.0,0.08334901121946547,-0.01057229524687818
0.0,4.659999847412109,1083349.011219466,0,0.0,1083349.011219466,0.0,0.0,0.08334901121946547,-0.01057229524687818
0.0,4.6620001792907715,1083349.011219466,0,0.0,1083349.011219466,0.0,0.0,0.08334901121946547,-0.01057229524687818
0.0,4.6479997634887695,1083349.011219466,0,0.0,1083349.011219466,0.0,0.0,0.08334901121946547,-0.01057229524687818
0.0,4.665999889373779,1083349.011219466,0,0.0,1083349.011219466,0.0,0.0,0.08334901121946547,-0.01057229524687818
0.0,4.663000106811523,1083349.011219466,0,0.0,1083349.011219466,0.0,0.0,0.08334901121946547,-0.01057229524687818
0.0,4.651000022888184,1083349.011219466,0,0.0,1083349.011219466,0.0,0.0,0.08334901121946547,-0.01057229524687818
0.0,4.664000034332275,1083349.011219466,0,0.0,1083349.011219466,0.0,0.0,0.08334901121946547,-0.01057229524687818
0.0,4.650000095367432,1083349.011219466,0,0.0,1083349.011219466,0.0,0.0,0.08334901121946547,-0.01057229524687818
0.0,4.64900016784668,1083349.011219466,0,0.0,1083349.011219466,0.0,0.0,0.08334901121946547,-0.01057229524687818
0.0,4.63100004196167,1083349.011219466,0,0.0,1083349.011219466,0.0,0.0,0.08334901121946547,-0.01057229524687818
0.0,4.63100004196167,1083349.011219466,0,0.0,1083349.011219466,0.0,0.0,0.08334901121946547,-0.01057229524687818
0.0,4.645999908447266,1083349.011219466,0,0.0,1083349.011219466,0.0,0.0,0.08334901121946547,-0.01057229524687818
0.0,4.645999908447266,1083349.011219466,0,0.0,1083349.011219466,0.0,0.0,0.08334901121946547,-0.01057229524687818
0.0,4.677000045776367,1083349.011219466,0,0.0,1083349.011219466,0.0,0.0,0.08334901121946547,-0.01057229524687818
-1.0,4.63100004196167,1083349.011219466,0,0.0,1083349.011219466,0.0,0.0,0.08334901121946547,-0.01057229524687818
0.0,4.616000175476074,1083349.011219466,0,0.0,1083349.011219466,0.0,0.0,0.08334901121946547,-0.01057229524687818
0.0,4.64300012588501,1083349.011219466,0,0.0,1083349.011219466,0.0,0.0,0.08334901121946547,-0.01057229524687818
0.0,4.625,1083349.011219466,0,0.0,1083349.011219466,0.0,0.0,0.08334901121946547,-0.01057229524687818
0.0,4.631999969482422,1083349.011219466,0,0.0,1083349.011219466,0.0,0.0,0.08334901121946547,-0.01057229524687818
0.0,4.625999927520752,1083349.011219466,0,0.0,1083349.011219466,0.0,0.0,0.08334901121946547,-0.01057229524687818
0.0,4.605000019073486,1083349.011219466,0,0.0,1083349.011219466,0.0,0.0,0.08334901121946547,-0.01057229524687818
1.0,4.625,2.87234446615912,234003,1082263.875,1082266.7473444662,-1082.263874999946,-0.0009989983502931565,0.0822667473444656,-0.011560731891660873
0.0,4.633999824523926,2.87234446615912,234003,1084369.8609380722,1084372.7332825384,2105.9859380722046,0.00194590284071805,0.08437273328253792,-0.009637325111971655
0.0,4.646999835968018,2.87234446615912,234003,1087411.902616024,1087414.7749604902,3042.0416779518127,0.002805346892800653,0.08741477496048988,-0.006859014259228879
0.0,4.6529998779296875,2.87234446615912,234003,1088815.9304351807,1088818.8027796468,1404.0278191566467,0.0012911612491266489,0.0888188027796466,-0.005576709103521057
0.0,4.668000221252441,2.87234446615912,234003,1092326.055773735,1092328.9281182012,3510.1253385543823,0.003223791993298919,0.09232892811820093,-0.0023708952603789884
0.0,4.678999900817871,2.87234446615912,234003,1094900.0137910843,1094902.8861355504,2573.958017349243,0.002356394627196723,0.09490288613555031,-2.0087398035506647e-05
0.0,4.64300012588501,2.87234446615912,234003,1086475.95845747,1086478.830801936,-8424.05533361435,-0.007693883576603722,0.08647883080193597,-0.007713816424537407
0.0,4.632999897003174,2.87234446615912,234003,1084135.8748984337,1084138.7472428998,-2340.083559036255,-0.0021538234272903134,0.08413874724289983,-0.009851025653298786
0.0,4.642000198364258,2.87234446615912,234003,1086241.9724178314,1086244.8447622976,2106.0975193977356,0.0019426457404587705,0.08624484476229766,-0.00792751696586454
0.0,4.6620001792907715,2.87234446615912,234003,1090922.0279545784,1090924.9002990446,4680.055536746979,0.004308472034931565,0.09092490029904465,-0.00365320041608681
-1.0,4.644000053405762,1085626.1068970775,0,0.0,1085626.1068970775,-5298.793401967036,-0.004857156895506254,0.08562610689707761,-0.008492613144001456
0.0,4.642000198364258,1085626.1068970775,0,0.0,1085626.1068970775,0.0,0.0,0.08562610689707761,-0.008492613144001456
0.0,4.642000198364258,1085626.1068970775,0,0.0,1085626.1068970775,0.0,0.0,0.08562610689707761,-0.008492613144001456
0.0,4.638999938964844,1085626.1068970775,0,0.0,1085626.1068970775,0.0,0.0,0.08562610689707761,-0.008492613144001456
0.0,4.630000114440918,1085626.1068970775,0,0.0,1085626.1068970775,0.0,0.0,0.08562610689707761,-0.008492613144001456
0.0,4.651000022888184,1085626.1068970775,0,0.0,1085626.1068970775,0.0,0.0,0.08562610689707761,-0.008492613144001456
0.0,4.645999908447266,1085626.1068970775,0,0.0,1085626.1068970775,0.0,0.0,0.08562610689707761,-0.008492613144001456
0.0,4.644999980926514,1085626.1068970775,0,0.0,1085626.1068970775,0.0,0.0,0.08562610689707761,-0.008492613144001456
0.0,4.646999835968018,1085626.1068970775,0,0.0,1085626.1068970775,0.0,0.0,0.08562610689707761,-0.008492613144001456
0.0,4.666999816894531,1085626.1068970775,0,0.0,1085626.1068970775,0.0,0.0,0.08562610689707761,-0.008492613144001456
0.0,4.724999904632568,1085626.1068970775,0,0.0,1085626.1068970775,0.0,0.0,0.08562610689707761,-0.008492613144001456
0.0,4.789000034332275,1085626.1068970775,0,0.0,1085626.1068970775,0.0,0.0,0.08562610689707761,-0.008492613144001456
0.0,4.823999881744385,1085626.1068970775,0,0.0,1085626.1068970775,0.0,0.0,0.08562610689707761,-0.008492613144001456
0.0,4.885000228881836,1085626.1068970775,0,0.0,1085626.1068970775,0.0,0.0,0.08562610689707761,-0.008492613144001456
0.0,4.88100004196167,1085626.1068970775,0,0.0,1085626.1068970775,0.0,0.0,0.08562610689707761,-0.008492613144001456
0.0,4.89900016784668,1085626.1068970775,0,0.0,1085626.1068970775,0.0,0.0,0.08562610689707761,-0.008492613144001456
0.0,4.879000186920166,1085626.1068970775,0,0.0,1085626.1068970775,0.0,0.0,0.08562610689707761,-0.008492613144001456
0.0,4.869999885559082,1085626.1068970775,0,0.0,1085626.1068970775,0.0,0.0,0.08562610689707761,-0.008492613144001456
0.0,4.876999855041504,1085626.1068970775,0,0.0,1085626.1068970775,0.0,0.0,0.08562610689707761,-0.008492613144001456
0.0,4.89900016784668,1085626.1068970775,0,0.0,1085626.1068970775,0.0,0.0,0.08562610689707761,-0.008492613144001456
-1.0,4.860000133514404,1085626.1068970775,0,0.0,1085626.1068970775,0.0,0.0,0.08562610689707761,-0.008492613144001456
0.0,4.869999885559082,1085626.1068970775,0,0.0,1085626.1068970775,0.0,0.0,0.08562610689707761,-0.008492613144001456
0.0,4.880000114440918,1085626.1068970775,0,0.0,1085626.1068970775,0.0,0.0,0.08562610689707761,-0.008492613144001456
0.0,4.978000164031982,1085626.1068970775,0,0.0,1085626.1068970775,0.0,0.0,0.08562610689707761,-0.008492613144001456
0.0,4.946000099182129,1085626.1068970775,0,0.0,1085626.1068970775,0.0,0.0,0.08562610689707761,-0.008492613144001456
0.0,4.955999851226807,1085626.1068970775,0,0.0,1085626.1068970775,0.0,0.0,0.08562610689707761,-0.008492613144001456
0.0,4.966000080108643,1085626.1068970775,0,0.0,1085626.1068970775,0.0,0.0,0.08562610689707761,-0.008492613144001456
0.0,4.989999771118164,1085626.1068970775,0,0.0,1085626.1068970775,0.0,0.0,0.08562610689707761,-0.008492613144001456
0.0,5.0289998054504395,1085626.1068970775,0,0.0,1085626.1068970775,0.0,0.0,0.08562610689707761,-0.008492613144001456
0.0,5.125999927520752,1085626.1068970775,0,0.0,1085626.1068970775,0.0,0.0,0.08562610689707761,-0.008492613144001456
0.0,5.15500020980835,1085626.1068970775,0,0.0,1085626.1068970775,0.0,0.0,0.08562610689707761,-0.008492613144001456
0.0,5.158999919891357,1085626.1068970775,0,0.0,1085626.1068970775,0.0,0.0,0.08562610689707761,-0.008492613144001456
0.0,5.230999946594238,1085626.1068970775,0,0.0,1085626.1068970775,0.0,0.0,0.08562610689707761,-0.008492613144001456
0.0,5.354000091552734,1085626.1068970775,0,0.0,1085626.1068970775,0.0,0.0,0.08562610689707761,-0.008492613144001456
0.0,5.36899995803833,1085626.1068970775,0,0.0,1085626.1068970775,0.0,0.0,0.08562610689707761,-0.008492613144001456
0.0,5.388000011444092,1085626.1068970775,0,0.0,1085626.1068970775,0.0,0.0,0.08562610689707761,-0.008492613144001456
0.0,5.3480000495910645,1085626.1068970775,0,0.0,1085626.1068970775,0.0,0.0,0.08562610689707761,-0.008492613144001456
0.0,5.504000186920166,1085626.1068970775,0,0.0,1085626.1068970775,0.0,0.0,0.08562610689707761,-0.008492613144001456
-1.0,5.416999816894531,1085626.1068970775,0,0.0,1085626.1068970775,0.0,0.0,0.08562610689707761,-0.008492613144001456
0.0,5.452000141143799,1085626.1068970775,0,0.0,1085626.1068970775,0.0,0.0,0.08562610689707761,-0.008492613144001456
0.0,5.460999965667725,1085626.1068970775,0,0.0,1085626.1068970775,0.0,0.0,0.08562610689707761,-0.008492613144001456
0.0,5.445000171661377,1085626.1068970775,0,0.0,1085626.1068970775,0.0,0.0,0.08562610689707761,-0.008492613144001456
0.0,5.4710001945495605,1085626.1068970775,0,0.0,1085626.1068970775,0.0,0.0,0.08562610689707761,-0.008492613144001456
0.0,5.363999843597412,1085626.1068970775,0,0.0,1085626.1068970775,0.0,0.0,0.08562610689707761,-0.008492613144001456
0.0,5.23199987411499,1085626.1068970775,0,0.0,1085626.1068970775,0.0,0.0,0.08562610689707761,-0.008492613144001456
0.0,5.2870001792907715,1085626.1068970775,0,0.0,1085626.1068970775,0.0,0.0,0.08562610689707761,-0.008492613144001456
0.0,5.288000106811523,1085626.1068970775,0,0.0,1085626.1068970775,0.0,0.0,0.08562610689707761,-0.008492613144001456
0.0,5.328999996185303,1085626.1068970775,0,0.0,1085626.1068970775,0.0,0.0,0.08562610689707761,-0.008492613144001456
0.0,5.294000148773193,1085626.1068970775,0,0.0,1085626.1068970775,0.0,0.0,0.08562610689707761,-0.008492613144001456
0.0,5.285999774932861,1085626.1068970775,0,0.0,1085626.1068970775,0.0,0.0,0.08562610689707761,-0.008492613144001456
0.0,5.254000186920166,1085626.1068970775,0,0.0,1085626.1068970775,0.0,0.0,0.08562610689707761,-0.008492613144001456
0.0,5.26800012588501,1085626.1068970775,0,0.0,1085626.1068970775,0.0,0.0,0.08562610689707761,-0.008492613144001456
0.0,5.261000156402588,1085626.1068970775,0,0.0,1085626.1068970775,0.0,0.0,0.08562610689707761,-0.008492613144001456
0.0,5.25,1085626.1068970775,0,0.0,1085626.1068970775,0.0,0.0,0.08562610689707761,-0.008492613144001456
0.0,5.36899995803833,1085626.1068970775,0,0.0,1085626.1068970775,0.0,0.0,0.08562610689707761,-0.008492613144001456
0.0,5.336999893188477,1085626.1068970775,0,0.0,1085626.1068970775,0.0,0.0,0.08562610689707761,-0.008492613144001456
0.0,5.328999996185303,1085626.1068970775,0,0.0,1085626.1068970775,0.0,0.0,0.08562610689707761,-0.008492613144001456
0.0,5.369999885559082,1085626.1068970775,0,0.0,1085626.1068970775,0.0,0.0,0.08562610689707761,-0.008492613144001456
0.0,5.416999816894531,1085626.1068970775,0,0.0,1085626.1068970775,0.0,0.0,0.08562610689707761,-0.008492613144001456
0.0,5.415999889373779,1085626.1068970775,0,0.0,1085626.1068970775,0.0,0.0,0.08562610689707761,-0.008492613144001456
0.0,5.550000190734863,1085626.1068970775,0,0.0,1085626.1068970775,0.0,0.0,0.08562610689707761,-0.008492613144001456
0.0,5.480999946594238,1085626.1068970775,0,0.0,1085626.1068970775,0.0,0.0,0.08562610689707761,-0.008492613144001456
0.0,5.492000102996826,1085626.1068970775,0,0.0,1085626.1068970775,0.0,0.0,0.08562610689707761,-0.008492613144001456
0.0,5.366000175476074,1085626.1068970775,0,0.0,1085626.1068970775,0.0,0.0,0.08562610689707761,-0.008492613144001456
0.0,5.318999767303467,1085626.1068970775,0,0.0,1085626.1068970775,0.0,0.0,0.08562610689707761,-0.008492613144001456
0.0,5.3379998207092285,1085626.1068970775,0,0.0,1085626.1068970775,0.0,0.0,0.08562610689707761,-0.008492613144001456
0.0,5.334000110626221,1085626.1068970775,0,0.0,1085626.1068970775,0.0,0.0,0.08562610689707761,-0.008492613144001456
0.0,5.369999885559082,1085626.1068970775,0,0.0,1085626.1068970775,0.0,0.0,0.08562610689707761,-0.008492613144001456
-1.0,5.316999912261963,1085626.1068970775,0,0.0,1085626.1068970775,0.0,0.0,0.08562610689707761,-0.008492613144001456
0.0,5.3429999351501465,1085626.1068970775,0,0.0,1085626.1068970775,0.0,0.0,0.08562610689707761,-0.008492613144001456
0.0,5.296000003814697,1085626.1068970775,0,0.0,1085626.1068970775,0.0,0.0,0.08562610689707761,-0.008492613144001456
0.0,5.3460001945495605,1085626.1068970775,0,0.0,1085626.1068970775,0.0,0.0,0.08562610689707761,-0.008492613144001456
0.0,5.323999881744385,1085626.1068970775,0,0.0,1085626.1068970775,0.0,0.0,0.08562610689707761,-0.008492613144001456
0.0,5.3979997634887695,1085626.1068970775,0,0.0,1085626.1068970775,0.0,0.0,0.08562610689707761,-0.008492613144001456
0.0,5.39900016784668,1085626.1068970775,0,0.0,1085626.1068970775,0.0,0.0,0.08562610689707761,-0.008492613144001456
0.0,5.236999988555908,1085626.1068970775,0,0.0,1085626.1068970775,0.0,0.0,0.08562610689707761,-0.008492613144001456
0.0,5.267000198364258,1085626.1068970775,0,0.0,1085626.1068970775,0.0,0.0,0.08562610689707761,-0.008492613144001456
0.0,5.269000053405762,1085626.1068970775,0,0.0,1085626.1068970775,0.0,0.0,0.08562610689707761,-0.008492613144001456
0.0,5.270999908447266,1085626.1068970775,0,0.0,1085626.1068970775,0.0,0.0,0.08562610689707761,-0.008492613144001456
0.0,5.2789998054504395,1085626.1068970775,0,0.0,1085626.1068970775,0.0,0.0,0.08562610689707761,-0.008492613144001456
0.0,5.283999919891357,1085626.1068970775,0,0.0,1085626.1068970775,0.0,0.0,0.08562610689707761,-0.008492613144001456
0.0,5.304999828338623,1085626.1068970775,0,0.0,1085626.1068970775,0.0,0.0,0.08562610689707761,-0.008492613144001456
0.0,5.35099983215332,1085626.1068970775,0,0.0,1085626.1068970775,0.0,0.0,0.08562610689707761,-0.008492613144001456
0.0,5.375999927520752,1085626.1068970775,0,0.0,1085626.1068970775,0.0,0.0,0.08562610689707761,-0.008492613144001456
0.0,5.289999961853027,1085626.1068970775,0,0.0,1085626.1068970775,0.0,0.0,0.08562610689707761,-0.008492613144001456
0.0,5.302000045776367,1085626.1068970775,0,0.0,1085626.1068970775,0.0,0.0,0.08562610689707761,-0.008492613144001456
0.0,5.270999908447266,1085626.1068970775,0,0.0,1085626.1068970775,0.0,0.0,0.08562610689707761,-0.008492613144001456
0.0,5.242000102996826,1085626.1068970775,0,0.0,1085626.1068970775,0.0,0.0,0.08562610689707761,-0.008492613144001456
1.0,5.296999931335449,2.019407928455621,204746,1084539.547941208,1084541.5673491363,-1084.5395479411818,-0.000998999140727208,0.08454156734913632,-0.009483128171495256
0.0,5.298999786376953,2.019407928455621,204746,1084949.0102615356,1084951.029669464,409.4623203277588,0.0003775441464439755,0.08495102966946422,-0.009109164324582482
0.0,5.306000232696533,2.019407928455621,204746,1086382.3236436844,1086384.3430516128,1433.3133821487427,0.0013210857844758728,0.08638434305161291,-0.007800112527604313
0.0,5.340000152587891,2.019407928455621,204746,1093343.6712417603,1093345.6906496887,6961.347598075867,0.006407812891082054,0.09334569064968878,-0.0014422812981285023
0.0,5.364999771118164,2.019407928455621,204746,1098462.2431373596,1098464.262545288,5118.571895599365,0.0046815677231579755,0.09846426254528828,0.0
0.0,5.38100004196167,2.019407928455621,204746,1101738.234591484,1101740.2539994125,3275.9914541244507,0.0029823377653939165,0.10174025399941278,0.0
0.0,5.383999824523926,2.019407928455621,204746,1102352.4280719757,1102354.4474799042,614.1934804916382,0.0005574757555260046,0.10235444747990452,0.0
0.0,5.361999988555908,2.019407928455621,204746,1097848.049656868,1097850.0690647964,-4504.378415107727,-0.004086143459034575,0.09785006906479676,-0.0040861434590346146
0.0,5.396999835968018,2.019407928455621,204746,1105014.1284151077,1105016.1478230362,7166.078758239746,0.006527374693653831,0.10501614782303648,0.0
0.0,5.416999816894531,2.019407928455621,204746,1109109.0445098877,1109111.0639178162,4094.9160947799683,0.0037057522669214915,0.10911106391781655,0.0
0.0,5.446000099182129,2.019407928455621,204746,1115046.7363071442,1115048.7557150726,5937.69179725647,0.00535355925157055,0.115048755715073,0.0
0.0,5.441999912261963,2.019407928455621,204746,1114227.7140359879,1114229.7334439163,-819.022271156311,-0.0007345170038157711,0.11422973344391663,-0.0007345170038157462
0.0,5.505000114440918,2.019407928455621,204746,1127126.7534313202,1127128.7728392486,12899.039395332336,0.011576642597270537,0.12712877283924895,0.0
0.0,5.576000213623047,2.019407928455621,204746,1141663.7397384644,1141665.7591463928,14536.986307144165,0.012897360672042169,0.141665759146393,0.0
0.0,5.572999954223633,2.019407928455621,204746,1141049.448627472,1141051.4680354004,-614.2911109924316,-0.0005380656344214918,0.1410514680354007,-0.0005380656344215214
0.0,5.425000190734863,2.019407928455621,204746,1110747.0890522003,1110749.1084601288,-30302.359575271606,-0.026556523017707945,0.11074910846012909,-0.027080299499723962
0.0,5.421000003814697,2.019407928455621,204746,1109928.066781044,1109930.0861889725,-819.022271156311,-0.0007373602777784871,0.10993008618897271,-0.02779769184034096
0.0,5.394000053405762,2.019407928455621,204746,1104399.934934616,1104401.9543425445,-5528.1318464279175,-0.0049806126667033546,0.10440195434254473,-0.03263985497095917
0.0,5.465000152587891,2.019407928455621,204746,1118936.9212417603,1118938.9406496887,14536.986307144165,0.013162767640879647,0.11893894064968902,-0.019906718156894376
0.0,5.327000141143799,2.019407928455621,204746,1090681.9708986282,1090683.9903065567,-28254.95034313202,-0.02525155691402281,0.09068399030655705,-0.04465559944440697
0.0,5.349999904632568,2.019407928455621,204746,1095391.0804738998,1095393.0998818283,4709.109575271606,0.004317574675271496,0.09539309988182865,-0.04053082865440575
0.0,5.38700008392334,2.019407928455621,204746,1102966.7191829681,1102968.7385908966,7575.638709068298,0.0069159087362205,0.10296873859089706,-0.03389522743016259
0.0,5.394000053405762,2.019407928455621,204746,1104399.934934616,1104401.9543425445,1433.2157516479492,0.0012994164761903626,0.10440195434254496,-0.03263985497095917
0.0,5.435999870300293,2.019407928455621,204746,1112999.2294445038,1113001.2488524322,8599.294509887695,0.007786381105244322,0.11300124885243257,-0.02510762021573864
0.0,5.480000019073486,2.019407928455621,204746,1122008.08390522,1122010.1033131485,9008.854460716248,0.008094199777407995,0.12201010331314865,-0.01721664653229206
0.0,5.505000114440918,2.019407928455621,204746,1127126.7534313202,1127128.7728392486,5118.669526100159,0.004562052971702757,0.12712877283924895,-0.012733136814064794
0.0,5.366000175476074,2.019407928455621,204746,1098667.0719280243,1098669.0913359527,-28459.6815032959,-0.02524971608311055,0.09866909133595314,-0.03766134480777286
0.0,5.327000141143799,2.019407928455621,204746,1090681.9708986282,1090683.9903065567,-7985.101029396057,-0.007267976401963194,0.09068399030655705,-0.04465559944440697
0.0,5.3520002365112305,2.019407928455621,204746,1095800.6404247284,1095802.6598326568,5118.669526100159,0.004693082113235603,0.09580265983265712,-0.04017208972617971
0.0,5.348999977111816,2.019407928455621,204746,1095186.349313736,1095188.3687216644,-614.2911109924316,-0.0005605855264909643,0.09518836872166458,-0.04071015536060123
0.0,5.395999908447266,2.019407928455621,204746,1104809.3972549438,1104811.4166628723,9623.047941207886,0.008786660099796562,0.10481141666287241,-0.03228120155856822
0.0,5.436999797821045,2.019407928455621,204746,1113203.9606046677,1113205.9800125961,8394.563349723816,0.007598186643545057,0.11320598001259641,-0.024928293509543162
0.0,5.473999977111816,2.019407928455621,204746,1120779.599313736,1120781.6187216644,7575.638709068298,0.006805244352875883,0.12078161872166482,-0.018292692285300005
0.0,5.455999851226807,2.019407928455621,204746,1117094.1455392838,1117096.1649472122,-3685.4537744522095,-0.003288288916315163,0.11709616494721264,-0.021520829544323848
0.0,5.442999839782715,2.019407928455621,204746,1114432.4451961517,1114434.4646040802,-2661.700343132019,-0.002382695802431445,0.11443446460408069,-0.023852247756535216
0.0,5.453000068664551,2.019407928455621,204746,1116479.952058792,1116481.9714667206,2047.5068626403809,0.001837260895702686,0.11648197146672112,-0.02205880966291027
0.0,5.513000011444092,2.019407928455621,204746,1128764.700343132,1128766.7197510605,12284.748284339905,0.01100308701644459,0.12876671975106113,-0.011298437648665897
0.0,5.513000011444092,2.019407928455621,204746,1128764.700343132,1128766.7197510605,0.0,0.0,0.12876671975106113,-0.011298437648665897
0.0,5.5370001792907715,2.019407928455621,204746,1133678.6387090683,1133680.6581169968,4913.938365936279,0.004353369283442321,0.13368065811699736,-0.006994254636634108
0.0,5.5229997634887695,2.019407928455621,204746,1130812.1095752716,1130814.1289832,-2866.529133796692,-0.0025285155156108408,0.13081412898320055,-0.009505085070876048
0.0,5.504000186920166,2.019407928455621,204746,1126922.0222711563,1126924.0416790848,-3890.0873041152954,-0.003440076670790382,0.12692404167908533,-0.01291246352026027
0.0,5.538000106811523,2.019407928455621,204746,1133883.3698692322,1133885.3892771606,6961.347598075867,0.006177299747464504,0.1338853892771612,-0.006814927930438633
0.0,5.533999919891357,2.019407928455621,204746,1133064.3475980759,1133066.3670060043,-819.022271156311,-0.0007223148643606958,0.13306636700600483,-0.00753232027105563
0.0,5.5279998779296875,2.019407928455621,204746,1131835.8630065918,1131837.8824145203,-1228.4845914840698,-0.001084212387955863,0.13183788241452077,-0.008608366024063577
0.0,5.534999847412109,2.019407928455621,204746,1133269.0787582397,1133271.0981661682,1433.2157516479492,0.0012662730006796075,0.13327109816616867,-0.007352993564860155
0.0,5.521999835968018,2.019407928455621,204746,1130607.3784151077,1130609.3978230362,-2661.700343132019,-0.002348688100701657,0.1306093978230367,-0.009684411777071524
0.0,5.491000175476074,2.019407928455621,204746,1124260.3219280243,1124262.3413359527,-6347.056487083435,-0.005613836661277127,0.12426234133595337,-0.01524388173247164
0.0,5.500999927520752,2.019407928455621,204746,1126307.7311601639,1126309.7505680923,2047.4092321395874,0.0018211134153143238,0.12630975056809302,-0.013450529154681791
0.0,5.4629998207092285,2.019407928455621,204746,1118527.3612909317,1118529.3806988602,-7780.369869232178,-0.006907842061482539,0.11852938069886076,-0.020265457085120425
1.0,5.501999855041504,2.019407928455621,204746,1126512.4623203278,1126514.4817282562,7985.101029396057,0.007138928281353651,0.12651448172825686,-0.013271202448486315
0.0,5.517000198364258,2.019407928455621,204746,1129583.7226142883,1129585.7420222168,3071.2602939605713,0.0027263389364056145,0.1295857420222173,-0.0105810453080489
0.0,5.4770002365112305,2.019407928455621,204746,1121393.8904247284,1121395.9098326568,-8189.8321895599365,-0.007250297064566591,0.12139590983265736,-0.017754626650878482
0.0,5.513000011444092,2.019407928455621,204746,1128764.700343132,1128766.7197510605,7370.8099184036255,0.0065728881778279735,0.12876671975106113,-0.011298437648665897
0.0,5.541999816894531,2.019407928455621,204746,1134702.2945098877,1134704.3139178162,5937.594166755676,0.005260249139933171,0.1347043139178168,-0.006097621105656732
0.0,5.531000137329102,2.019407928455621,204746,1132450.1541175842,1132452.1735255127,-2252.140392303467,-0.001984781730958174,0.1324521735255133,-0.008070300389642055
0.0,5.611000061035156,2.019407928455621,204746,1148829.818496704,1148831.8379046326,16379.664379119873,0.014463890627828713,0.14883183790463317,0.0
0.0,5.609000205993652,2.019407928455621,204746,1148420.3561763763,1148422.3755843048,-409.4623203277588,-0.0003564162367527546,0.1484223755843055,-0.0003564162367527886
0.0,5.599999904632568,2.019407928455621,204746,1146577.5804738998,1146579.5998818283,-1842.7757024765015,-0.001604614941030702,0.1465795998818289,-0.0019604592669647306
0.0,5.663000106811523,2.019407928455621,204746,1159476.6198692322,1159478.6392771606,12899.039395332336,0.011250016480898184,0.15947863927716122,0.0
0.0,5.710999965667725,2.019407928455621,204746,1169304.398970604,1169306.4183785324,9827.779101371765,0.008476032906909348,0.16930641837853289,0.0
0.0,5.697000026702881,2.019407928455621,204746,1166437.967467308,1166439.9868752365,-2866.4315032958984,-0.0024513946543377463,0.16643998687523687,-0.0024513946543377016
0.0,5.739999771118164,2.019407928455621,204746,1175241.9931373596,1175244.012545288,8804.025670051575,0.00754777422680486,0.17524401254528832,0.0
0.0,5.750999927520752,2.019407928455621,204746,1177494.2311601639,1177496.2505680923,2252.2380228042603,0.0019164003379403827,0.1774962505680926,0.0
0.0,5.708000183105469,2.019407928455621,204746,1168690.2054901123,1168692.2248980408,-8804.025670051575,-0.007476903358124454,0.16869222489804114,-0.007476903358124498
0.0,5.706999778747559,2.019407928455621,204746,1168485.3766994476,1168487.396107376,-204.82879066467285,-0.00017526324407823868,0.1684873961073765,-0.007650856175864556
0.0,5.714000225067139,2.019407928455621,204746,1169918.6900815964,1169920.7094895248,1433.3133821487427,0.0012266400022145074,0.1699207094895252,-0.006433601019886582
0.0,5.639999866485596,2.019407928455621,204746,1154767.4126634598,1154769.4320713882,-15151.277418136597,-0.012950687422866092,0.1547694320713886,-0.019300968886940717
1.0,5.676000118255615,2.019407928455621,204746,1162138.3202123642,1162140.3396202927,7370.907548904419,0.006383012352243034,0.16214033962029295,-0.013041154857513221
0.0,5.738999843597412,2.019407928455621,204746,1175037.2619771957,1175039.2813851242,12898.941764831543,0.011099297843017775,0.17503928138512448,-0.002086604676475832
0.0,5.798999786376953,2.019407928455621,204746,1187322.0102615356,1187324.029669464,12284.748284339905,0.01045475541026919,0.1873240296694645,0.0
0.0,5.798999786376953,2.019407928455621,204746,1187322.0102615356,1187324.029669464,0.0,0.0,0.1873240296694645,0.0
0.0,5.883999824523926,2.019407928455621,204746,1204725.4280719757,1204727.4474799042,17403.417810440063,0.014657681791620858,0.20472744747990457,0.0
0.0,5.90500020980835,2.019407928455621,204746,1209025.1729574203,1209027.1923653488,4299.744885444641,0.0035690602836675467,0.20902719236534928,0.0
0.0,5.945000171661377,2.019407928455621,204746,1217215.0051469803,1217217.0245549087,8189.8321895599365,0.0067739023913409024,0.217217024554909,0.0
0.0,6.019999980926514,2.019407928455621,204746,1232570.91609478,1232572.9355027084,15355.910947799683,0.012615590020534473,0.23257293550270863,0.0
0.0,6.01800012588501,2.019407928455621,204746,1232161.4537744522,1232163.4731823807,-409.4623203277588,-0.00033220129092059736,0.23216347318238095,-0.0003322012909205721
0.0,6.056000232696533,2.019407928455621,204746,1239941.8236436844,1239943.8430516128,7780.369869232178,0.006314397430673191,0.2399438430516132,0.0
0.0,5.994999885559082,2.019407928455621,204746,1227452.2465686798,1227454.2659766083,-12489.577075004578,-0.010072695747467608,0.22745426597660856,-0.01007269574746757
0.0,5.998000144958496,2.019407928455621,204746,1228066.5376796722,1228068.5570876007,614.2911109924316,0.0005004594696680353,0.22806855708760088,-0.009577277253771431
0.0,6.017000198364258,2.019407928455621,204746,1231956.7226142883,1231958.7420222168,3890.184934616089,0.003167726192617293,0.2319587420222169,-0.006439889253164892
0.0,6.067999839782715,2.019407928455621,204746,1242398.6951961517,1242400.7146040802,10441.972581863403,0.008475910942215004,0.24240071460408052,0.0
0.0,6.139999866485596,2.019407928455621,204746,1257140.4126634598,1257142.4320713882,14741.717467308044,0.011865509488221626,0.25714243207138865,0.0
0.0,6.103000164031982,2.019407928455621,204746,1249564.8715848923,1249566.8909928207,-7575.541078567505,-0.006026000622765815,0.24956689099282103,-0.006026000622765805
0.0,6.051000118255615,2.019407928455621,204746,1238918.0702123642,1238920.0896202927,-10646.801372528076,-0.008520393305290641,0.23892008962029299,-0.014495050032692561
0.0,6.00600004196167,2.019407928455621,204746,1229704.484591484,1229706.5039994125,-9213.585620880127,-0.007436787649237275,0.22970650399941284,-0.021824041072871628
0.0,6.00600004196167,2.019407928455621,204746,1229704.484591484,1229706.5039994125,0.0,0.0,0.22970650399941284,-0.021824041072871628
0.0,5.99399995803833,2.019407928455621,204746,1227247.515408516,1227249.5348164444,-2456.9691829681396,-0.0019980126761770522,0.22724953481644472,-0.023778449038339634
0.0,5.860000133514404,2.019407928455621,204746,1199811.5873365402,1199813.6067444687,-27435.928071975708,-0.022355623117900958,0.1998136067444689,-0.04560249011121126
0.0,5.8979997634887695,2.019407928455621,204746,1207591.8595752716,1207593.8789832,7780.272238731384,0.006484567431971344,0.20759387898320014,-0.03941363510143177
0.0,5.90500020980835,2.019407928455621,204746,1209025.1729574203,1209027.1923653488,1433.3133821487427,0.001186916733426635,0.20902719236534884,-0.03827349907103219
0.0,5.807000160217285,2.019407928455621,204746,1188960.0548038483,1188962.0742117767,-20065.118153572083,-0.01659608508417132,0.1889620742117768,-0.0542343939081517
0.0,5.796000003814697,2.019407928455621,204746,1186707.816781044,1186709.8361889725,-2252.2380228042603,-0.001894289205395694,0.18670983618897252,-0.05602594748660602
0.0,5.679999828338623,2.019407928455621,204746,1162957.2448530197,1162959.2642609482,-23750.571928024292,-0.020013798827434925,0.1629592642609481,-0.07491845427192753
0.0,5.683000087738037,2.019407928455621,204746,1163571.5359640121,1163573.5553719406,614.2911109924316,0.0005282137817466115,0.16357355537194063,-0.07442981345023458
0.0,5.757999897003174,2.019407928455621,204746,1178927.4469118118,1178929.4663197403,15355.910947799683,0.013197198300790802,0.17892946631974027,-0.0622148801570374
0.0,5.857999801635742,2.019407928455621,204746,1199402.0273857117,1199404.0467936401,20474.58047389984,0.017367095368152397,0.1994040467936402,-0.045928276545890524
0.0,5.85699987411499,2.019407928455621,204746,1199197.2962255478,1199199.3156334762,-204.7311601638794,-0.0001706940715359151,0.19919931563347637,-0.046091130932904206
0.0,5.933000087738037,2.019407928455621,204746,1214758.0359640121,1214760.0553719406,15560.739738464355,0.01297594114306544,0.21476005537194065,-0.03371326559204144
0.0,6.010000228881836,2.019407928455621,204746,1230523.5068626404,1230525.5262705688,15765.470898628235,0.012978259228157762,0.230525526270569,-0.021172545864164997
-1.0,5.915999889373779,1210068.0554443025,0,0.0,1210068.0554443025,-20457.470826266333,-0.016624986958432397,0.21006805544430263,-0.03744553952372881
0.0,5.843999862670898,1210068.0554443025,0,0.0,1210068.0554443025,0.0,0.0,0.21006805544430263,-0.03744553952372881
0.0,5.89900016784668,1210068.0554443025,0,0.0,1210068.0554443025,0.0,0.0,0.21006805544430263,-0.03744553952372881
0.0,5.86899995803833,1210068.0554443025,0,0.0,1210068.0554443025,0.0,0.0,0.21006805544430263,-0.03744553952372881
0.0,5.922999858856201,1210068.0554443025,0,0.0,1210068.0554443025,0.0,0.0,0.21006805544430263,-0.03744553952372881
0.0,5.872000217437744,1210068.0554443025,0,0.0,1210068.0554443025,0.0,0.0,0.21006805544430263,-0.03744553952372881
0.0,5.931000232696533,1210068.0554443025,0,0.0,1210068.0554443025,0.0,0.0,0.21006805544430263,-0.03744553952372881
0.0,5.928999900817871,1210068.0554443025,0,0.0,1210068.0554443025,0.0,0.0,0.21006805544430263,-0.03744553952372881
0.0,5.927000045776367,1210068.0554443025,0,0.0,1210068.0554443025,0.0,0.0,0.21006805544430263,-0.03744553952372881
0.0,5.9029998779296875,1210068.0554443025,0,0.0,1210068.0554443025,0.0,0.0,0.21006805544430263,-0.03744553952372881
1.0,5.935999870300293,4.699355801567435,203648,1208854.501586914,1208859.2009427156,-1208.854501586873,-0.000998997119333933,0.2088592009427157,-0.038407128656946635
0.0,5.960999965667725,4.699355801567435,203648,1213945.7210083008,1213950.4203641023,5091.219421386719,0.004211590082134009,0.2139504203641025,-0.03435729365694752
0.0,6.011000156402588,4.699355801567435,203648,1224128.1598510742,1224132.8592068758,10182.438842773438,0.008387853961712377,0.22413285920687587,-0.026257623656949287
0.0,6.052000045776367,4.699355801567435,203648,1232477.7053222656,1232482.4046780672,8349.545471191406,0.006820783715095313,0.23248240467806713,-0.01961593751369033
0.0,6.000999927520752,4.699355801567435,203648,1222091.633239746,1222096.3325955477,-10386.072082519531,-0.008426953636901935,0.22209633259554762,-0.02787758855462007
0.0,5.947000026702881,4.699355801567435,203648,1211094.6614379883,1211099.3607937898,-10996.971801757812,-0.008998449228958871,0.21109936079378966,-0.03662518271834434
0.0,5.940000057220459,4.699355801567435,203648,1209669.131652832,1209673.8310086336,-1425.52978515625,-0.0011770543617676266,0.20967383100863324,-0.037759127249042755
0.0,5.932000160217285,4.699355801567435,203648,1208039.9686279297,1208044.6679837313,-1629.1630249023438,-0.0013467787622916116,0.2080446679837309,-0.039055052820672675
0.0,5.885000228881836,4.699355801567435,203648,1198468.5266113281,1198473.2259671297,-9571.442016601562,-0.007923086182381467,0.19847322596712935,-0.046668702453698536
0.0,5.892000198364258,4.699355801567435,203648,1199894.0563964844,1199898.755752286,1425.52978515625,0.0011894548449389308,0.19989875575228555,-0.04553475792300012
0.0,5.951000213623047,4.699355801567435,203648,1211909.2915039062,1211913.9908597078,12015.235107421875,0.010013540767353168,0.2119139908597074,-0.03597718131044046
0.0,5.921000003814697,4.699355801567435,203648,1205799.8087768555,1205804.508132657,-6109.482727050781,-0.005041185078420329,0.20580450813265672,-0.04083699875927497
0.0,5.935999870300293,4.699355801567435,203648,1208854.501586914,1208859.2009427156,3054.6928100585938,0.002533323428014933,0.20885920094271526,-0.038407128656946635
0.0,5.940000057220459,4.699355801567435,203648,1209669.131652832,1209673.8310086336,814.6300659179688,0.0006738833317252446,0.20967383100863324,-0.037759127249042755
0.0,5.945000171661377,4.699355801567435,203648,1210687.394958496,1210692.0943142977,1018.2633056640625,0.0008417668296709646,0.21069209431429736,-0.03694914480020736
0.0,5.922999858856201,4.699355801567435,203648,1206207.0752563477,1206211.7746121492,-4480.3197021484375,-0.003700626875478119,0.206211774612149,-0.04051303667741195
0.0,5.927999973297119,4.699355801567435,203648,1207225.3385620117,1207230.0379178133,1018.2633056640625,0.0008441828600052048,0.20723003791781314,-0.039703054228576555
0.0,5.9770002365112305,4.699355801567435,203648,1217204.144165039,1217208.8435208406,9978.805603027344,0.008265869212663368,0.21720884352084036,-0.031765365269509835
0.0,6.0289998054504395,4.699355801567435,203648,1227793.752380371,1227798.4517361727,10589.608215332031,0.008699910678188205,0.2277984517361724,-0.023341810431826426
0.0,5.989999771118164,4.699355801567435,203648,1219851.4733886719,1219856.1727444734,-7942.278991699219,-0.006468715594541097,0.21985617274447322,-0.029659534493222364
0.0,6.0,4.699355801567435,203648,1221888.0,1221892.6993558016,2036.526611328125,0.001669480924743949,0.22189269935580125,-0.02803956959555158
0.0,6.03000020980835,4.699355801567435,203648,1227997.4827270508,1228002.1820828523,6109.482727050781,0.005000015738101826,0.22800218208285195,-0.023179752146717074
0.0,6.065000057220459,4.699355801567435,203648,1235125.131652832,1235129.8310086336,7127.64892578125,0.005804264055697228,0.23512983100863316,-0.017510029493225016
0.0,6.105000019073486,4.699355801567435,203648,1243271.0438842773,1243275.743240079,8145.9122314453125,0.006595187021588789,0.2432757432400785,-0.011030324390897567
0.0,6.119999885559082,4.699355801567435,203648,1246325.736694336,1246330.4360501375,3054.6928100585938,0.002456971292706056,0.24633043605013727,-0.008600454288569235
0.0,6.067999839782715,4.699355801567435,203648,1235736.0313720703,1235740.7307278719,-10589.705322265625,-0.008496707627414168,0.2357407307278716,-0.017024086370430486
0.0,6.1020002365112305,4.699355801567435,203648,1242660.144165039,1242664.8435208406,6924.11279296875,0.00560320835980721,0.24266484352084028,-0.011516267513692098
0.0,6.122000217437744,4.699355801567435,203648,1246733.1002807617,1246737.7996365633,4072.9561157226562,0.0032775982494062106,0.24673779963656273,-0.008276414962528374
0.0,6.138999938964844,4.699355801567435,203648,1250195.0595703125,1250199.758926114,3461.9592895507812,0.002776814251208126,0.25019975892611335,-0.0055225827783370205
0.0,6.126999855041504,4.699355801567435,203648,1247751.2664794922,1247755.9658352938,-2443.7930908203125,-0.0019547220941071863,0.24775596583529302,-0.007466509757870823
0.0,6.126999855041504,4.699355801567435,203648,1247751.2664794922,1247755.9658352938,0.0,0.0,0.24775596583529302,-0.007466509757870823
0.0,6.181000232696533,4.699355801567435,203648,1258748.3353881836,1258753.0347439852,10997.068908691406,0.008813477322330066,0.25875303474398437,0.0
0.0,6.186999797821045,4.699355801567435,203648,1259970.1348266602,1259974.8341824617,1221.7994384765625,0.0009706426953919323,0.25997483418246103,0.0
0.0,6.2179999351501465,4.699355801567435,203648,1266283.250793457,1266287.9501492586,6313.115966796875,0.005010509571719446,0.2662879501492579,0.0
0.0,6.202000141143799,4.699355801567435,203648,1263024.9247436523,1263029.624099454,-3258.3260498046875,-0.0025731320032071903,0.2630296240994532,-0.0025731320032071894
0.0,6.439000129699707,4.699355801567435,203648,1311289.498413086,1311294.1977688875,48264.573669433594,0.03821333462692644,0.3112941977688868,0.0
0.0,6.4019999504089355,4.699355801567435,203648,1303754.485900879,1303759.1852566805,-7535.012512207031,-0.005746241022821175,0.3037591852566799,-0.005746241022821226
0.0,6.420000076293945,4.699355801567435,203648,1307420.1755371094,1307424.874892911,3665.6896362304688,0.002811630919024921,0.30742487489291026,-0.0029507664127242034
0.0,6.51800012588501,4.699355801567435,203648,1327377.6896362305,1327382.388992032,19957.514099121094,0.01526475018364315,0.32738238899203154,0.0
0.0,6.584000110626221,4.699355801567435,203648,1340818.4545288086,1340823.1538846102,13440.764892578125,0.01012576707664814,0.3408231538846096,0.0
0.0,6.538000106811523,4.699355801567435,203648,1331450.6457519531,1331455.3451077547,-9367.808776855469,-0.0069866102399225305,0.3314553451077542,-0.006986610239922552
0.0,6.570000171661377,4.699355801567435,203648,1337967.394958496,1337972.0943142977,6516.749206542969,0.004894455702542322,0.3379720943142972,-0.002126350191710561
0.0,6.605000019073486,4.699355801567435,203648,1345095.0438842773,1345099.743240079,7127.64892578125,0.005327202978350654,0.3450997432400784,0.0
0.0,6.49399995803833,4.699355801567435,203648,1322490.1034545898,1322494.8028103914,-22604.9404296875,-0.01680540089557725,0.3224948028103909,-0.01680540089557721
0.0,6.554999828338623,4.699355801567435,203648,1334912.605041504,1334917.3043973055,12422.501586914062,0.009393232820662512,0.33491730439730505,-0.007570025118171504
0.0,6.5980000495910645,4.699355801567435,203648,1343669.514099121,1343674.2134549227,8756.909057617188,0.006559888787695867,0.3436742134549222,-0.0010597948533708221
0.0,6.61899995803833,4.699355801567435,203648,1347946.1034545898,1347950.8028103914,4276.58935546875,0.00318275763026854,0.34795080281039104,0.0
0.0,6.567999839782715,4.699355801567435,203648,1337560.0313720703,1337564.7307278719,-10386.072082519531,-0.007705082456173629,0.3375647307278715,-0.007705082456173648
0.0,6.580999851226807,4.699355801567435,203648,1340207.4577026367,1340212.1570584383,2647.4263305664062,0.001979288381150468,0.34021215705843777,-0.005741044655204435
0.0,6.581999778747559,4.699355801567435,203648,1340411.0909423828,1340415.7902981844,203.63323974609375,0.0001519410480450567,0.3404157902981839,-0.005589975907501232
0.0,6.519000053405762,4.699355801567435,203648,1327581.3228759766,1327586.0222317781,-12829.76806640625,-0.00957148383305162,0.3275860222317777,-0.015107955376527106
0.0,6.492000102996826,4.699355801567435,203648,1322082.8369750977,1322087.5363308992,-5498.485900878906,-0.004141717228715258,0.3220875363308988,-0.019187099726168735
0.0,6.443999767303467,4.699355801567435,203648,1312307.6646118164,1312312.363967618,-9775.17236328125,-0.007393740652309355,0.3123123639676175,-0.02643897593923277
0.0,6.451000213623047,4.699355801567435,203648,1313733.2915039062,1313737.9908597078,1425.6268920898438,0.0010863472228361815,0.3137379908597073,-0.025381350624482782
0.0,6.499000072479248,4.699355801567435,203648,1323508.366760254,1323513.0661160555,9775.075256347656,0.007440658125408062,0.3235130661160548,-0.018129546451832526
0.0,6.546999931335449,4.699355801567435,203648,1333283.4420166016,1333288.1413724031,9775.075256347656,0.007385703629684048,0.3332881413724025,-0.010877742279182272
0.0,6.534999847412109,4.699355801567435,203648,1330839.6489257812,1330844.3482815828,-2443.7930908203125,-0.0018329069426094025,0.33084434828158216,-0.012690711332448283
0.0,6.526000022888184,4.699355801567435,203648,1329006.8526611328,1329011.5520169344,-1832.7962646484375,-0.0013771680114319507,0.32901155201693366,-0.014050402102190898
0.0,6.544000148773193,4.699355801567435,203648,1332672.5422973633,1332677.2416531648,3665.6896362304688,0.0027582075044174648,0.33267724165316426,-0.011330948522291884
0.0,6.505000114440918,4.699355801567435,203648,1324730.263305664,1324734.9626614656,-7942.278991699219,-0.005959641797324444,0.32473496266146507,-0.017223061925199522
1.0,6.526000022888184,4.699355801567435,203648,1329006.8526611328,1329011.5520169344,4276.58935546875,0.0032282603509437013,0.3290115520169339,-0.014050402102190898
0.0,6.574999809265137,4.699355801567435,203648,1338985.5611572266,1338990.2605130281,9978.70849609375,0.007508368517150865,0.3389902605130277,-0.006647529181837439
0.0,6.672999858856201,4.699355801567435,203648,1358943.0752563477,1358947.7746121492,19957.514099121094,0.014904898629714003,0.3589477746121488,0.0
0.0,6.677000045776367,4.699355801567435,203648,1359757.7053222656,1359762.4046780672,814.6300659179688,0.0005994564921014689,0.35976240467806697,0.0
0.0,6.7270002365112305,4.699355801567435,203648,1369940.144165039,1369944.8435208406,10182.438842773438,0.007488395625399047,0.36994484352084034,0.0
0.0,6.800000190734863,4.699355801567435,203648,1384806.4388427734,1384811.138198575,14866.294677734375,0.010851746877288182,0.3848111381985746,0.0
0.0,6.807000160217285,4.699355801567435,203648,1386231.9686279297,1386236.6679837313,1425.52978515625,0.0010294037546596524,0.3862366679837308,0.0
0.0,6.77400016784668,4.699355801567435,203648,1379511.5861816406,1379516.2855374422,-6720.3824462890625,-0.004847932969529456,0.3795162855374419,-0.004847932969529509
0.0,6.78000020980835,4.699355801567435,203648,1380733.4827270508,1380738.1820828523,1221.8965454101562,0.0008857427478170532,0.38073818208285215,-0.00396648424318223
0.0,6.77400016784668,4.699355801567435,203648,1379511.5861816406,1379516.2855374422,-1221.8965454101562,-0.0008849589018874449,0.3795162855374421,-0.004847932969529509
0.0,6.795000076293945,4.699355801567435,203648,1383788.1755371094,1383792.874892911,4276.58935546875,0.003100064421350801,0.3837928748929107,-0.0017628974526945587
0.0,6.811999797821045,4.699355801567435,203648,1387250.1348266602,1387254.8341824617,3461.9592895507812,0.0025017900817119187,0.3872548341824613,0.0
0.0,6.938000202178955,4.699355801567435,203648,1412909.8651733398,1412914.5645291414,25659.730346679688,0.018496767655382884,0.412914564529141,0.0
0.0,7.01200008392334,4.699355801567435,203648,1427979.7930908203,1427984.4924466219,15069.927917480469,0.010665845123128515,0.4279844924466214,0.0
0.0,7.056000232696533,4.699355801567435,203648,1436940.3353881836,1436945.0347439852,8960.542297363281,0.0062749577077065855,0.4369450347439847,0.0
0.0,7.0289998054504395,4.699355801567435,203648,1431441.752380371,1431446.4517361727,-5498.5830078125,-0.0038265785223943194,0.43144645173617224,-0.0038265785223943246
0.0,7.093999862670898,4.699355801567435,203648,1444678.8840332031,1444683.5833890047,13237.131652832031,0.009247381651459552,0.44468358338900416,0.0
0.0,6.876999855041504,4.699355801567435,203648,1400487.2664794922,1400491.9658352938,-44191.61755371094,-0.030589132500588256,0.40049196583529323,-0.030589132500588277
0.0,6.925000190734863,4.699355801567435,203648,1410262.4388427734,1410267.138198575,9775.17236328125,0.006979813238308097,0.4102671381985745,-0.02382282569425619
0.0,7.01200008392334,4.699355801567435,203648,1427979.7930908203,1427984.4924466219,17717.354248046875,0.012563119261701283,0.4279844924466214,-0.011558995432902562
0.0,7.164000034332275,4.699355801567435,203648,1458934.2789916992,1458938.9783475008,30954.485900878906,0.021677046259685584,0.4589389783475004,0.0
0.0,7.2729997634887695,4.699355801567435,203648,1481131.855834961,1481136.5551907625,22197.57684326172,0.015214876819868328,0.48113655519076226,0.0
0.0,7.327000141143799,4.699355801567435,203648,1492128.9247436523,1492133.624099454,10997.068908691406,0.0074247501826563145,0.4921336240994538,0.0
0.0,7.324999809265137,4.699355801567435,203648,1491721.5611572266,1491726.2605130281,-407.36358642578125,-0.0002730074437345964,0.4917262605130279,-0.000273007443734563
0.0,7.502999782562256,4.699355801567435,203648,1527970.8997192383,1527975.5990750398,36249.33856201172,0.02430026173136146,0.5279755990750397,0.0
0.0,7.565000057220459,4.699355801567435,203648,1540597.131652832,1540601.8310086336,12626.23193359375,0.008263372753620546,0.5406018310086333,0.0
0.0,7.583000183105469,4.699355801567435,203648,1544262.8212890625,1544267.520644864,3665.6896362304688,0.002379388082273337,0.5442675206448637,0.0
0.0,7.723999977111816,4.699355801567435,203648,1572977.1473388672,1572981.8466946688,28714.326049804688,0.018594139723805192,0.5729818466946686,0.0
0.0,7.98199987411499,4.699355801567435,203648,1625518.3103637695,1625523.009719571,52541.163024902344,0.033402269158609776,0.625523009719571,0.0
-1.0,7.5,1525837.3393558015,0,0.0,1525837.3393558015,-99685.67036376963,-0.0613252902405651,0.5258373393558013,-0.06132529024056511
0.0,7.581999778747559,1525837.3393558015,0,0.0,1525837.3393558015,0.0,0.0,0.5258373393558013,-0.06132529024056511
0.0,7.53000020980835,1525837.3393558015,0,0.0,1525837.3393558015,0.0,0.0,0.5258373393558013,-0.06132529024056511
0.0,7.465000152587891,1525837.3393558015,0,0.0,1525837.3393558015,0.0,0.0,0.5258373393558013,-0.06132529024056511
0.0,7.517000198364258,1525837.3393558015,0,0.0,1525837.3393558015,0.0,0.0,0.5258373393558013,-0.06132529024056511
0.0,7.4710001945495605,1525837.3393558015,0,0.0,1525837.3393558015,0.0,0.0,0.5258373393558013,-0.06132529024056511
0.0,7.611999988555908,1525837.3393558015,0,0.0,1525837.3393558015,0.0,0.0,0.5258373393558013,-0.06132529024056511
0.0,7.671000003814697,1525837.3393558015,0,0.0,1525837.3393558015,0.0,0.0,0.5258373393558013,-0.06132529024056511
0.0,7.557000160217285,1525837.3393558015,0,0.0,1525837.3393558015,0.0,0.0,0.5258373393558013,-0.06132529024056511
0.0,7.531000137329102,1525837.3393558015,0,0.0,1525837.3393558015,0.0,0.0,0.5258373393558013,-0.06132529024056511
0.0,7.375999927520752,1525837.3393558015,0,0.0,1525837.3393558015,0.0,0.0,0.5258373393558013,-0.06132529024056511
0.0,7.331999778747559,1525837.3393558015,0,0.0,1525837.3393558015,0.0,0.0,0.5258373393558013,-0.06132529024056511
0.0,7.2769999504089355,1525837.3393558015,0,0.0,1525837.3393558015,0.0,0.0,0.5258373393558013,-0.06132529024056511
0.0,7.061999797821045,1525837.3393558015,0,0.0,1525837.3393558015,0.0,0.0,0.5258373393558013,-0.06132529024056511
0.0,7.177000045776367,1525837.3393558015,0,0.0,1525837.3393558015,0.0,0.0,0.5258373393558013,-0.06132529024056511
0.0,7.2220001220703125,1525837.3393558015,0,0.0,1525837.3393558015,0.0,0.0,0.5258373393558013,-0.06132529024056511
0.0,7.209000110626221,1525837.3393558015,0,0.0,1525837.3393558015,0.0,0.0,0.5258373393558013,-0.06132529024056511
0.0,7.439000129699707,1525837.3393558015,0,0.0,1525837.3393558015,0.0,0.0,0.5258373393558013,-0.06132529024056511
0.0,7.449999809265137,1525837.3393558015,0,0.0,1525837.3393558015,0.0,0.0,0.5258373393558013,-0.06132529024056511
0.0,7.453999996185303,1525837.3393558015,0,0.0,1525837.3393558015,0.0,0.0,0.5258373393558013,-0.06132529024056511
0.0,7.425000190734863,1525837.3393558015,0,0.0,1525837.3393558015,0.0,0.0,0.5258373393558013,-0.06132529024056511
0.0,7.366000175476074,1525837.3393558015,0,0.0,1525837.3393558015,0.0,0.0,0.5258373393558013,-0.06132529024056511
0.0,7.375,1525837.3393558015,0,0.0,1525837.3393558015,0.0,0.0,0.5258373393558013,-0.06132529024056511
0.0,7.300000190734863,1525837.3393558015,0,0.0,1525837.3393558015,0.0,0.0,0.5258373393558013,-0.06132529024056511
1.0,7.36899995803833,5.9149184208363295,206854,1524307.1173200607,1524313.0322384816,-1524.3071173198987,-0.000998997126366974,0.5243130322384815,-0.06226302357820815
0.0,7.478000164031982,5.9149184208363295,206854,1546854.2459306717,1546860.1608490925,22547.128610610962,0.014791665579018343,0.5468601608490924,-0.048392331821897235
0.0,7.473999977111816,5.9149184208363295,206854,1546026.7912654877,1546032.7061839085,-827.454665184021,-0.0005349253191250236,0.5460327061839083,-0.04890137085747925
0.0,7.482999801635742,5.9149184208363295,206854,1547888.4409675598,1547894.3558859807,1861.6497020721436,0.0012041463900640537,0.5478943558859806,-0.04775610887660252
0.0,7.480999946594238,5.9149184208363295,206854,1547474.7629528046,1547480.6778712254,-413.678014755249,-0.0002672520984279281,0.5474806778712253,-0.0480105980547204
0.0,7.400000095367432,5.9149184208363295,206854,1530719.6197271347,1530725.5346455555,-16755.14322566986,-0.010827368293036765,0.5307255346455555,-0.0583181379206497
0.0,7.40500020980835,5.9149184208363295,206854,1531753.9133996964,1531759.8283181172,1034.2936725616455,0.000675688520999973,0.5317598283181171,-0.05768185429600875
0.0,7.427999973297119,5.9149184208363295,206854,1536511.5064764023,1536517.4213948231,4757.593076705933,0.003105965431884794,0.536517421394823,-0.05475504670961433
0.0,7.497000217437744,5.9149184208363295,206854,1550784.4829778671,1550790.397896288,14272.976501464844,0.009289173232092773,0.550790397896288,-0.04597450259173859
0.0,7.5879998207092285,5.9149184208363295,206854,1569608.1149129868,1569614.0298314076,18823.63193511963,0.012138089041984435,0.5696140298314076,-0.034394456155873616
0.0,7.563000202178955,5.9149184208363295,206854,1564436.8438215256,1564442.7587399464,-5171.271091461182,-0.0032946131935484013,0.5644427587399463,-0.037575752920385924
0.0,7.499000072479248,5.9149184208363295,206854,1551198.1609926224,1551204.0759110432,-13238.682828903198,-0.008462235358209003,0.551204075911043,-0.045720013413620704
0.0,7.502999782562256,5.9149184208363295,206854,1552025.5170221329,1552031.4319405537,827.356029510498,0.0005333637542337399,0.5520314319405537,-0.04521103505738493
0.0,7.465000152587891,5.9149184208363295,206854,1544165.1415634155,1544171.0564818364,-7860.375458717346,-0.005064572338518425,0.5441710564818365,-0.05004663283835598
0.0,7.435999870300293,5.9149184208363295,206854,1538166.3171710968,1538172.2320895176,-5998.824392318726,-0.00388481856795464,0.5381722320895177,-0.05373702931779654
0.0,7.464000225067139,5.9149184208363295,206854,1543958.302556038,1543964.2174744587,5791.985384941101,0.003765498598991668,0.5439642174744586,-0.05017387742741492
0.0,7.372000217437744,5.9149184208363295,206854,1524927.7329778671,1524933.647896288,-19030.569578170776,-0.012325784084102676,0.5249336478962878,-0.06188122913168508
0.0,7.392000198364258,5.9149184208363295,206854,1529064.8090324402,1529070.723950861,4137.076054573059,0.0027129547966104894,0.5290707239508607,-0.05933615531246749
0.0,7.40500020980835,5.9149184208363295,206854,1531753.9133996964,1531759.8283181172,2689.1043672561646,0.0017586527065982516,0.5317598283181171,-0.05768185429600875
0.0,7.326000213623047,5.9149184208363295,206854,1515412.4481887817,1515418.3631072026,-16341.465210914612,-0.01066842523795497,0.5154183631072025,-0.06773490498382016
0.0,7.314000129699707,5.9149184208363295,206854,1512930.1828289032,1512936.097747324,-2482.26535987854,-0.0016380066523602466,0.5129360977473241,-0.06926196141121996
0.0,7.396999835968018,5.9149184208363295,206854,1530099.0040693283,1530104.9189877491,17168.82124042511,0.011348014807755824,0.5301049189877489,-0.058699932367172775
0.0,7.394000053405762,5.9149184208363295,206854,1529478.4870471954,1529484.4019656163,-620.5170221328735,-0.0004055388715065167,0.529484401965616,-0.059081666134349606
0.0,7.445000171661377,5.9149184208363295,206854,1540028.0655088425,1540033.9804272633,10549.578461647034,0.006897473716037439,0.5400339804272631,-0.05259170665757357
0.0,7.4070000648498535,5.9149184208363295,206854,1532167.5914144516,1532173.5063328724,-7860.474094390869,-0.005104091334536709,0.5321735063328723,-0.05742736511789086
0.0,7.355000019073486,5.9149184208363295,206854,1521411.173945427,1521417.0888638478,-10756.417469024658,-0.007020365137868301,0.5214170888638476,-0.06404456918372584
0.0,7.3979997634887695,5.9149184208363295,206854,1530305.843076706,1530311.7579951268,8894.669131278992,0.005846305524227713,0.5303117579951269,-0.05857268777811383
0.0,7.314000129699707,5.9149184208363295,206854,1512930.1828289032,1512936.097747324,-17375.660247802734,-0.011354327088597072,0.5129360977473243,-0.06926196141121996
0.0,7.370999813079834,5.9149184208363295,206854,1524720.795334816,1524726.7102532368,11790.61250591278,0.007793199278851359,0.5247267102532369,-0.062008534400090264
0.0,7.375999927520752,5.9149184208363295,206854,1525755.0890073776,1525761.0039257985,1034.2936725616455,0.000678346923161044,0.5257610039257987,-0.061372250775449305
0.0,7.440000057220459,5.9149184208363295,206854,1538993.7718362808,1538999.6867547017,13238.682828903198,0.008676773619747724,0.538999686754702,-0.053227990282214525
0.0,7.435999870300293,5.9149184208363295,206854,1538166.3171710968,1538172.2320895176,-827.454665184021,-0.0005376574617301788,0.5381722320895179,-0.05373702931779654
0.0,7.4019999504089355,5.9149184208363295,206854,1531133.29774189,1531139.2126603108,-7033.019429206848,-0.0045723224502973725,0.5311392126603109,-0.058063648742531816
0.0,7.396999835968018,5.9149184208363295,206854,1530099.0040693283,1530104.9189877491,-1034.2936725616455,-0.0006755059657603812,0.5301049189877491,-0.058699932367172775
0.0,7.4029998779296875,5.9149184208363295,206854,1531340.1367492676,1531346.0516676884,1241.13267993927,0.0008111422063530327,0.5313460516676884,-0.05793640415347287
0.0,7.446000099182129,5.9149184208363295,206854,1540234.90451622,1540240.819434641,8894.767766952515,0.00580846357834397,0.5402408194346411,-0.05246446206851463
0.0,7.473999977111816,5.9149184208363295,206854,1546026.7912654877,1546032.7061839085,5791.886749267578,0.0037603773878642777,0.5460327061839088,-0.04890137085747925
0.0,7.547999858856201,5.9149184208363295,206854,1561333.9628038406,1561339.8777222615,15307.171538352966,0.009900936427235107,0.5613398777222618,-0.03948460379430879
-1.0,7.423999786376953,1534154.2826778279,0,0.0,1534154.2826778279,-27185.595044433605,-0.017411708643535695,0.534154282677828,-0.0562088180206725
0.0,7.408999919891357,1534154.2826778279,0,0.0,1534154.2826778279,0.0,0.0,0.534154282677828,-0.0562088180206725
0.0,7.388000011444092,1534154.2826778279,0,0.0,1534154.2826778279,0.0,0.0,0.534154282677828,-0.0562088180206725
0.0,7.36299991607666,1534154.2826778279,0,0.0,1534154.2826778279,0.0,0.0,0.534154282677828,-0.0562088180206725
0.0,7.376999855041504,1534154.2826778279,0,0.0,1534154.2826778279,0.0,0.0,0.534154282677828,-0.0562088180206725
0.0,7.349999904632568,1534154.2826778279,0,0.0,1534154.2826778279,0.0,0.0,0.534154282677828,-0.0562088180206725
0.0,7.3520002365112305,1534154.2826778279,0,0.0,1534154.2826778279,0.0,0.0,0.534154282677828,-0.0562088180206725
0.0,7.446000099182129,1534154.2826778279,0,0.0,1534154.2826778279,0.0,0.0,0.534154282677828,-0.0562088180206725
0.0,7.454999923706055,1534154.2826778279,0,0.0,1534154.2826778279,0.0,0.0,0.534154282677828,-0.0562088180206725
0.0,7.4679999351501465,1534154.2826778279,0,0.0,1534154.2826778279,0.0,0.0,0.534154282677828,-0.0562088180206725
0.0,7.484000205993652,1534154.2826778279,0,0.0,1534154.2826778279,0.0,0.0,0.534154282677828,-0.0562088180206725
0.0,7.507999897003174,1534154.2826778279,0,0.0,1534154.2826778279,0.0,0.0,0.534154282677828,-0.0562088180206725
0.0,7.428999900817871,1534154.2826778279,0,0.0,1534154.2826778279,0.0,0.0,0.534154282677828,-0.0562088180206725
0.0,7.39900016784668,1534154.2826778279,0,0.0,1534154.2826778279,0.0,0.0,0.534154282677828,-0.0562088180206725
0.0,7.414999961853027,1534154.2826778279,0,0.0,1534154.2826778279,0.0,0.0,0.534154282677828,-0.0562088180206725
0.0,7.423999786376953,1534154.2826778279,0,0.0,1534154.2826778279,0.0,0.0,0.534154282677828,-0.0562088180206725
0.0,7.401000022888184,1534154.2826778279,0,0.0,1534154.2826778279,0.0,0.0,0.534154282677828,-0.0562088180206725
0.0,7.413000106811523,1534154.2826778279,0,0.0,1534154.2826778279,0.0,0.0,0.534154282677828,-0.0562088180206725
0.0,7.390999794006348,1534154.2826778279,0,0.0,1534154.2826778279,0.0,0.0,0.534154282677828,-0.0562088180206725
0.0,7.374000072479248,1534154.2826778279,0,0.0,1534154.2826778279,0.0,0.0,0.534154282677828,-0.0562088180206725
0.0,7.394000053405762,1534154.2826778279,0,0.0,1534154.2826778279,0.0,0.0,0.534154282677828,-0.0562088180206725
0.0,7.377999782562256,1534154.2826778279,0,0.0,1534154.2826778279,0.0,0.0,0.534154282677828,-0.0562088180206725
0.0,7.427000045776367,1534154.2826778279,0,0.0,1534154.2826778279,0.0,0.0,0.534154282677828,-0.0562088180206725
0.0,7.448999881744385,1534154.2826778279,0,0.0,1534154.2826778279,0.0,0.0,0.534154282677828,-0.0562088180206725
0.0,7.449999809265137,1534154.2826778279,0,0.0,1534154.2826778279,0.0,0.0,0.534154282677828,-0.0562088180206725
0.0,7.4679999351501465,1534154.2826778279,0,0.0,1534154.2826778279,0.0,0.0,0.534154282677828,-0.0562088180206725
0.0,7.486000061035156,1534154.2826778279,0,0.0,1534154.2826778279,0.0,0.0,0.534154282677828,-0.0562088180206725
0.0,7.646999835968018,1534154.2826778279,0,0.0,1534154.2826778279,0.0,0.0,0.534154282677828,-0.0562088180206725
0.0,7.670000076293945,1534154.2826778279,0,0.0,1534154.2826778279,0.0,0.0,0.534154282677828,-0.0562088180206725
0.0,7.76800012588501,1534154.2826778279,0,0.0,1534154.2826778279,0.0,0.0,0.534154282677828,-0.0562088180206725
0.0,7.75,1534154.2826778279,0,0.0,1534154.2826778279,0.0,0.0,0.534154282677828,-0.0562088180206725
0.0,7.775000095367432,1534154.2826778279,0,0.0,1534154.2826778279,0.0,0.0,0.534154282677828,-0.0562088180206725
0.0,7.8470001220703125,1534154.2826778279,0,0.0,1534154.2826778279,0.0,0.0,0.534154282677828,-0.0562088180206725
0.0,7.966000080108643,1534154.2826778279,0,0.0,1534154.2826778279,0.0,0.0,0.534154282677828,-0.0562088180206725
0.0,7.947000026702881,1534154.2826778279,0,0.0,1534154.2826778279,0.0,0.0,0.534154282677828,-0.0562088180206725
0.0,7.922999858856201,1534154.2826778279,0,0.0,1534154.2826778279,0.0,0.0,0.534154282677828,-0.0562088180206725
0.0,7.953999996185303,1534154.2826778279,0,0.0,1534154.2826778279,0.0,0.0,0.534154282677828,-0.0562088180206725
0.0,7.931000232696533,1534154.2826778279,0,0.0,1534154.2826778279,0.0,0.0,0.534154282677828,-0.0562088180206725
0.0,8.031999588012695,1534154.2826778279,0,0.0,1534154.2826778279,0.0,0.0,0.534154282677828,-0.0562088180206725
-1.0,7.964000225067139,1534154.2826778279,0,0.0,1534154.2826778279,0.0,0.0,0.534154282677828,-0.0562088180206725
0.0,7.861999988555908,1534154.2826778279,0,0.0,1534154.2826778279,0.0,0.0,0.534154282677828,-0.0562088180206725
0.0,7.8979997634887695,1534154.2826778279,0,0.0,1534154.2826778279,0.0,0.0,0.534154282677828,-0.0562088180206725
0.0,8.04800033569336,1534154.2826778279,0,0.0,1534154.2826778279,0.0,0.0,0.534154282677828,-0.0562088180206725
0.0,8.142999649047852,1534154.2826778279,0,0.0,1534154.2826778279,0.0,0.0,0.534154282677828,-0.0562088180206725
0.0,8.1899995803833,1534154.2826778279,0,0.0,1534154.2826778279,0.0,0.0,0.534154282677828,-0.0562088180206725
0.0,8.145999908447266,1534154.2826778279,0,0.0,1534154.2826778279,0.0,0.0,0.534154282677828,-0.0562088180206725
0.0,8.15999984741211,1534154.2826778279,0,0.0,1534154.2826778279,0.0,0.0,0.534154282677828,-0.0562088180206725
0.0,8.258999824523926,1534154.2826778279,0,0.0,1534154.2826778279,0.0,0.0,0.534154282677828,-0.0562088180206725
0.0,8.33899974822998,1534154.2826778279,0,0.0,1534154.2826778279,0.0,0.0,0.534154282677828,-0.0562088180206725
0.0,8.729000091552734,1534154.2826778279,0,0.0,1534154.2826778279,0.0,0.0,0.534154282677828,-0.0562088180206725
0.0,8.60200023651123,1534154.2826778279,0,0.0,1534154.2826778279,0.0,0.0,0.534154282677828,-0.0562088180206725
0.0,8.859000205993652,1534154.2826778279,0,0.0,1534154.2826778279,0.0,0.0,0.534154282677828,-0.0562088180206725
0.0,8.97599983215332,1534154.2826778279,0,0.0,1534154.2826778279,0.0,0.0,0.534154282677828,-0.0562088180206725
0.0,9.187000274658203,1534154.2826778279,0,0.0,1534154.2826778279,0.0,0.0,0.534154282677828,-0.0562088180206725
0.0,9.244000434875488,1534154.2826778279,0,0.0,1534154.2826778279,0.0,0.0,0.534154282677828,-0.0562088180206725
0.0,9.567999839782715,1534154.2826778279,0,0.0,1534154.2826778279,0.0,0.0,0.534154282677828,-0.0562088180206725
-1.0,9.267999649047852,1534154.2826778279,0,0.0,1534154.2826778279,0.0,0.0,0.534154282677828,-0.0562088180206725
0.0,9.489999771118164,1534154.2826778279,0,0.0,1534154.2826778279,0.0,0.0,0.534154282677828,-0.0562088180206725
0.0,9.10099983215332,1534154.2826778279,0,0.0,1534154.2826778279,0.0,0.0,0.534154282677828,-0.0562088180206725
0.0,8.994000434875488,1534154.2826778279,0,0.0,1534154.2826778279,0.0,0.0,0.534154282677828,-0.0562088180206725
0.0,8.913999557495117,1534154.2826778279,0,0.0,1534154.2826778279,0.0,0.0,0.534154282677828,-0.0562088180206725
0.0,8.597000122070312,1534154.2826778279,0,0.0,1534154.2826778279,0.0,0.0,0.534154282677828,-0.0562088180206725
0.0,8.692000389099121,1534154.2826778279,0,0.0,1534154.2826778279,0.0,0.0,0.534154282677828,-0.0562088180206725
