date,signal,price,cash,position,position_value,total_value,daily_pnl
2023-01-03,0.0,3.986999988555908,1000000.0,0,0.0,1000000.0,0.0
2023-01-04,0.0,4.001999855041504,1000000.0,0,0.0,1000000.0,0.0
2023-01-05,0.0,4.000999927520752,1000000.0,0,0.0,1000000.0,0.0
2023-01-06,0.0,3.9719998836517334,1000000.0,0,0.0,1000000.0,0.0
2023-01-09,0.0,4.014999866485596,1000000.0,0,0.0,1000000.0,0.0
2023-01-10,0.0,4.013000011444092,1000000.0,0,0.0,1000000.0,0.0
2023-01-11,0.0,4.025000095367432,1000000.0,0,0.0,1000000.0,0.0
2023-01-12,0.0,4.019000053405762,1000000.0,0,0.0,1000000.0,0.0
2023-01-13,0.0,4.0269999504089355,1000000.0,0,0.0,1000000.0,0.0
2023-01-16,0.0,4.050000190734863,1000000.0,0,0.0,1000000.0,0.0
2023-01-17,0.0,4.065999984741211,1000000.0,0,0.0,1000000.0,0.0
2023-01-18,0.0,4.056000232696533,1000000.0,0,0.0,1000000.0,0.0
2023-01-19,0.0,4.067999839782715,1000000.0,0,0.0,1000000.0,0.0
2023-01-20,0.0,4.10099983215332,1000000.0,0,0.0,1000000.0,0.0
2023-01-30,0.0,4.0960001945495605,1000000.0,0,0.0,1000000.0,0.0
2023-01-31,0.0,4.068999767303467,1000000.0,0,0.0,1000000.0,0.0
2023-02-01,0.0,4.091000080108643,1000000.0,0,0.0,1000000.0,0.0
2023-02-02,0.0,4.125,1000000.0,0,0.0,1000000.0,0.0
2023-02-03,-1.0,4.071000099182129,1000000.0,0,0.0,1000000.0,0.0
2023-02-06,0.0,4.01800012588501,1000000.0,0,0.0,1000000.0,0.0
2023-02-07,0.0,4.010000228881836,1000000.0,0,0.0,1000000.0,0.0
2023-02-08,0.0,4.010000228881836,1000000.0,0,0.0,1000000.0,0.0
2023-02-09,0.0,4.019000053405762,1000000.0,0,0.0,1000000.0,0.0
2023-02-10,0.0,3.993000030517578,1000000.0,0,0.0,1000000.0,0.0
2023-02-13,1.0,4.01800012588501,1.6113117852946743,248631,998999.3892989159,999001.0006107012,-998.9993892988423
2023-02-14,0.0,4.014999866485596,1.6113117852946743,248631,998253.4318041801,998255.0431159654,-745.9574947357178
2023-02-15,0.0,4.001999855041504,1.6113117852946743,248631,995021.2259588242,995022.8372706095,-3232.2058453559875
2023-02-16,0.0,4.000999927520752,1.6113117852946743,248631,994772.6129794121,994774.2242911974,-248.61297941207886
2023-02-17,0.0,3.992000102996826,1.6113117852946743,248631,992534.9776082039,992536.5889199892,-2237.635371208191
2023-02-20,0.0,4.010000228881836,1.6113117852946743,248631,997010.3669071198,997011.978218905,4475.389298915863
2023-02-21,0.0,4.005000114440918,1.6113117852946743,248631,995767.1834535599,995768.7947653452,-1243.1834535598755
2023-02-22,0.0,4.017000198364258,1.6113117852946743,248631,998750.7763195038,998752.3876312891,2983.5928659439087
2023-02-23,0.0,4.007999897003174,1.6113117852946743,248631,996513.0223917961,996514.6337035814,-2237.753927707672
2023-02-24,0.0,4.020999908447266,1.6113117852946743,248631,999745.2282371521,999746.8395489374,3232.2058453559875
2023-02-27,0.0,4.010000228881836,1.6113117852946743,248631,997010.3669071198,997011.978218905,-2734.8613300323486
2023-02-28,0.0,4.014999866485596,1.6113117852946743,248631,998253.4318041801,998255.0431159654,1243.0648970603943
2023-03-01,0.0,4.0289998054504395,1.6113117852946743,248631,1001734.2506289482,1001735.8619407335,3480.8188247680664
2023-03-02,0.0,4.026000022888184,1.6113117852946743,248631,1000988.411690712,1000990.0230024973,-745.8389382362366
2023-03-03,0.0,4.044000148773193,1.6113117852946743,248631,1005463.8009896278,1005465.4123014131,4475.389298915863
2023-03-06,0.0,4.071000099182129,1.6113117852946743,248631,1012176.8256597519,1012178.4369715372,6713.024670124054
2023-03-07,0.0,4.076000213623047,1.6113117852946743,248631,1013420.0091133118,1013421.6204250971,1243.1834535598755
2023-03-08,0.0,4.0329999923706055,1.6113117852946743,248631,1002728.821103096,1002730.4324148813,-10691.18801021576
2023-03-09,0.0,4.0329999923706055,1.6113117852946743,248631,1002728.821103096,1002730.4324148813,0.0
2023-03-10,0.0,4.060999870300293,1.6113117852946743,248631,1009690.4587526321,1009692.0700644174,6961.637649536133
2023-03-13,0.0,4.089000225067139,1.6113117852946743,248631,1016652.2149586678,1016653.826270453,6961.756206035614
2023-03-14,0.0,4.142000198364258,1.6113117852946743,248631,1029829.6513195038,1029831.2626312891,13177.436360836029
2023-03-15,0.0,4.138999938964844,1.6113117852946743,248631,1029083.6938247681,1029085.3051365534,-745.9574947357178
2023-03-16,0.0,4.173999786376953,1.6113117852946743,248631,1037785.7408866882,1037787.3521984735,8702.047061920166
2023-03-17,0.0,4.197999954223633,1.6113117852946743,248631,1043752.926618576,1043754.5379303613,5967.185731887817
2023-03-20,0.0,4.327000141143799,1.6113117852946743,248631,1075826.3720927238,1075827.9834045093,32073.445474147913
2023-03-21,0.0,4.285999774932861,1.6113117852946743,248631,1065632.4100413322,1065634.0213531177,-10193.962051391602
2023-03-22,0.0,4.2230000495910645,1.6113117852946743,248631,1049968.725329876,1049970.3366416614,-15663.684711456299
2023-03-23,0.0,4.252999782562256,1.6113117852946743,248631,1057427.5889382362,1057429.2002500216,7458.8636083602905
2023-03-24,0.0,4.275000095367432,1.6113117852946743,248631,1062897.5487113,1062899.1600230853,5469.95977306366
2023-03-27,0.0,4.245999813079834,1.6113117852946743,248631,1055687.1795258522,1055688.7908376376,-7210.369185447693
2023-03-28,0.0,4.224999904632568,1.6113117852946743,248631,1050465.9512887,1050467.5626004855,-5221.2282371521
2023-03-29,0.0,4.239999771118164,1.6113117852946743,248631,1054195.3830928802,1054196.9944046657,3729.4318041801453
2023-03-30,0.0,4.248000144958496,1.6113117852946743,248631,1056184.5240411758,1056186.1353529613,1989.1409482955933
2023-03-31,0.0,4.281000137329102,1.6113117852946743,248631,1064389.3451442719,1064390.9564560573,8204.821103096008
2023-04-03,-1.0,4.2210001945495605,1048423.639183466,0,0.0,1048423.639183466,-15967.317272591288
2023-04-04,0.0,4.269000053405762,1048423.639183466,0,0.0,1048423.639183466,0.0
2023-04-06,0.0,4.329999923706055,1048423.639183466,0,0.0,1048423.639183466,0.0
2023-04-07,0.0,4.328000068664551,1048423.639183466,0,0.0,1048423.639183466,0.0
2023-04-10,0.0,4.2870001792907715,1048423.639183466,0,0.0,1048423.639183466,0.0
2023-04-11,0.0,4.310999870300293,1048423.639183466,0,0.0,1048423.639183466,0.0
2023-04-12,0.0,4.341000080108643,1048423.639183466,0,0.0,1048423.639183466,0.0
2023-04-13,0.0,4.3460001945495605,1048423.639183466,0,0.0,1048423.639183466,0.0
2023-04-14,0.0,4.366000175476074,1048423.639183466,0,0.0,1048423.639183466,0.0
2023-04-17,0.0,4.323999881744385,1048423.639183466,0,0.0,1048423.639183466,0.0
2023-04-18,0.0,4.304999828338623,1048423.639183466,0,0.0,1048423.639183466,0.0
2023-04-19,0.0,4.296999931335449,1048423.639183466,0,0.0,1048423.639183466,0.0
2023-04-20,0.0,4.308000087738037,1048423.639183466,0,0.0,1048423.639183466,0.0
2023-04-21,0.0,4.288000106811523,1048423.639183466,0,0.0,1048423.639183466,0.0
2023-04-24,0.0,4.2769999504089355,1048423.639183466,0,0.0,1048423.639183466,0.0
2023-04-25,0.0,4.315999984741211,1048423.639183466,0,0.0,1048423.639183466,0.0
2023-04-26,0.0,4.322999954223633,1048423.639183466,0,0.0,1048423.639183466,0.0
2023-04-27,0.0,4.333000183105469,1048423.639183466,0,0.0,1048423.639183466,0.0
2023-04-28,0.0,4.297999858856201,1048423.639183466,0,0.0,1048423.639183466,0.0
2023-05-04,0.0,4.394999980926514,1048423.639183466,0,0.0,1048423.639183466,0.0
2023-05-05,0.0,4.414999961853027,1048423.639183466,0,0.0,1048423.639183466,0.0
2023-05-08,0.0,4.368000030517578,1048423.639183466,0,0.0,1048423.639183466,0.0
2023-05-09,0.0,4.376999855041504,1048423.639183466,0,0.0,1048423.639183466,0.0
2023-05-10,0.0,4.3979997634887695,1048423.639183466,0,0.0,1048423.639183466,0.0
2023-05-11,0.0,4.394000053405762,1048423.639183466,0,0.0,1048423.639183466,0.0
2023-05-12,0.0,4.364999771118164,1048423.639183466,0,0.0,1048423.639183466,0.0
2023-05-15,0.0,4.381999969482422,1048423.639183466,0,0.0,1048423.639183466,0.0
2023-05-16,0.0,4.36899995803833,1048423.639183466,0,0.0,1048423.639183466,0.0
2023-05-17,0.0,4.353000164031982,1048423.639183466,0,0.0,1048423.639183466,0.0
2023-05-18,0.0,4.34499979019165,1048423.639183466,0,0.0,1048423.639183466,0.0
2023-05-19,0.0,4.329999923706055,1048423.639183466,0,0.0,1048423.639183466,0.0
2023-05-22,0.0,4.3470001220703125,1048423.639183466,0,0.0,1048423.639183466,0.0
2023-05-23,0.0,4.329999923706055,1048423.639183466,0,0.0,1048423.639183466,0.0
2023-05-24,0.0,4.3520002365112305,1048423.639183466,0,0.0,1048423.639183466,0.0
2023-05-25,0.0,4.335000038146973,1048423.639183466,0,0.0,1048423.639183466,0.0
2023-05-26,0.0,4.309999942779541,1048423.639183466,0,0.0,1048423.639183466,0.0
2023-05-29,0.0,4.314000129699707,1048423.639183466,0,0.0,1048423.639183466,0.0
2023-05-30,0.0,4.300000190734863,1048423.639183466,0,0.0,1048423.639183466,0.0
2023-05-31,0.0,4.364999771118164,1048423.639183466,0,0.0,1048423.639183466,0.0
2023-06-01,0.0,4.361999988555908,1048423.639183466,0,0.0,1048423.639183466,0.0
2023-06-02,0.0,4.375,1048423.639183466,0,0.0,1048423.639183466,0.0
2023-06-05,0.0,4.323999881744385,1048423.639183466,0,0.0,1048423.639183466,0.0
2023-06-06,1.0,4.35699987411499,1.421602099086158,240389,1047374.8427386284,1047376.2643407275,-1047.3748427384999
2023-06-07,0.0,4.36299991607666,1.421602099086158,240389,1048817.1868257523,1048818.6084278515,1442.3440871239873
2023-06-08,0.0,4.3379998207092285,1.421602099086158,240389,1042807.4389004707,1042808.8605025698,-6009.747925281641
2023-06-09,0.0,4.375,1.421602099086158,240389,1051701.875,1051703.2966020992,8894.436099529383
2023-06-12,0.0,4.377999782562256,1.421602099086158,240389,1052422.9897303581,1052424.4113324573,721.1147303581238
2023-06-13,0.0,4.388000011444092,1.421602099086158,240389,1054826.9347510338,1054828.356353133,2403.945020675659
2023-06-14,0.0,4.36299991607666,1.421602099086158,240389,1048817.1868257523,1048818.6084278515,-6009.747925281525
2023-06-15,0.0,4.328999996185303,1.421602099086158,240389,1040643.9800829887,1040645.4016850878,-8173.206742763636
2023-06-16,1.0,4.359000205993652,1.421602099086158,240389,1047855.7005186081,1047857.1221207072,7211.720435619354
2023-06-19,0.0,4.366000175476074,1.421602099086158,240389,1049538.416182518,1049539.8377846172,1682.7156639100285
2023-06-20,0.0,4.374000072479248,1.421602099086158,240389,1051461.503423214,1051462.9250253132,1923.0872406959534
2023-06-21,0.0,4.355999946594238,1.421602099086158,240389,1047134.4711618423,1047135.8927639414,-4327.032261371729
2023-06-26,0.0,4.354000091552734,1.421602099086158,240389,1046653.7280082703,1046655.1496103693,-480.7431535720825
2023-06-27,0.0,4.349999904632568,1.421602099086158,240389,1045692.1270747185,1045693.5486768176,-961.6009335517883
2023-06-28,0.0,4.335000038146973,1.421602099086158,240389,1042086.3241701126,1042087.7457722117,-3605.8029046058655
2023-06-29,0.0,4.3429999351501465,1.421602099086158,240389,1044009.4114108086,1044010.8330129076,1923.0872406959534
2023-06-30,0.0,4.348999977111816,1.421602099086158,240389,1045451.7554979324,1045453.1771000315,1442.3440871238708
2023-07-03,0.0,4.357999801635742,1.421602099086158,240389,1047615.2143154144,1047616.6359175135,2163.4588174819946
2023-07-04,0.0,4.363999843597412,1.421602099086158,240389,1049057.5584025383,1049058.9800046375,1442.3440871239873
2023-07-05,0.0,4.367000102996826,1.421602099086158,240389,1049778.787759304,1049780.2093614032,721.2293567657471
2023-07-06,0.0,4.364999771118164,1.421602099086158,240389,1049297.9299793243,1049299.3515814235,-480.8577799797058
2023-07-07,0.0,4.359000205993652,1.421602099086158,240389,1047855.7005186081,1047857.1221207072,-1442.229460716364
2023-07-10,0.0,4.369999885559082,1.421602099086158,240389,1050499.9024896622,1050501.3240917614,2644.2019710541936
2023-07-11,0.0,4.374000072479248,1.421602099086158,240389,1051461.503423214,1051462.9250253132,961.6009335517883
2023-07-12,0.0,4.370999813079834,1.421602099086158,240389,1050740.2740664482,1050741.6956685474,-721.2293567657471
2023-07-13,0.0,4.4079999923706055,1.421602099086158,240389,1059634.7101659775,1059636.1317680767,8894.436099529266
2023-07-14,-1.0,4.388000011444092,1053773.5294183819,0,0.0,1053773.5294183819,-5862.602349694818
2023-07-17,0.0,4.406000137329102,1053773.5294183819,0,0.0,1053773.5294183819,0.0
2023-07-18,0.0,4.421999931335449,1053773.5294183819,0,0.0,1053773.5294183819,0.0
2023-07-19,0.0,4.4730000495910645,1053773.5294183819,0,0.0,1053773.5294183819,0.0
2023-07-20,0.0,4.46999979019165,1053773.5294183819,0,0.0,1053773.5294183819,0.0
2023-07-21,0.0,4.453000068664551,1053773.5294183819,0,0.0,1053773.5294183819,0.0
2023-07-24,0.0,4.441999912261963,1053773.5294183819,0,0.0,1053773.5294183819,0.0
2023-07-25,0.0,4.420000076293945,1053773.5294183819,0,0.0,1053773.5294183819,0.0
2023-07-26,0.0,4.439000129699707,1053773.5294183819,0,0.0,1053773.5294183819,0.0
2023-07-27,0.0,4.447999954223633,1053773.5294183819,0,0.0,1053773.5294183819,0.0
2023-07-28,0.0,4.4039998054504395,1053773.5294183819,0,0.0,1053773.5294183819,0.0
2023-07-31,0.0,4.408999919891357,1053773.5294183819,0,0.0,1053773.5294183819,0.0
2023-08-01,0.0,4.426000118255615,1053773.5294183819,0,0.0,1053773.5294183819,0.0
2023-08-02,0.0,4.425000190734863,1053773.5294183819,0,0.0,1053773.5294183819,0.0
2023-08-03,0.0,4.406000137329102,1053773.5294183819,0,0.0,1053773.5294183819,0.0
2023-08-04,0.0,4.401000022888184,1053773.5294183819,0,0.0,1053773.5294183819,0.0
2023-08-07,0.0,4.409999847412109,1053773.5294183819,0,0.0,1053773.5294183819,0.0
2023-08-08,0.0,4.414000034332275,1053773.5294183819,0,0.0,1053773.5294183819,0.0
2023-08-09,0.0,4.410999774932861,1053773.5294183819,0,0.0,1053773.5294183819,0.0
2023-08-10,0.0,4.395999908447266,1053773.5294183819,0,0.0,1053773.5294183819,0.0
2023-08-11,1.0,4.414999961853027,3.806508280104026,238441,1052717.0059041977,1052720.8124124778,-1052.7170059040654
2023-08-14,0.0,4.421000003814697,3.806508280104026,238441,1054147.6619095802,1054151.4684178603,1430.6560053825378
2023-08-15,0.0,4.431000232696533,3.806508280104026,238441,1056532.126484394,1056535.9329926742,2384.464574813843
2023-08-16,0.0,4.433000087738037,3.806508280104026,238441,1057008.9739203453,1057012.7804286254,476.8474359512329
2023-08-17,0.0,4.428999900817871,3.806508280104026,238441,1056055.165350914,1056058.971859194,-953.8085694313049
2023-08-18,0.0,4.421000003814697,3.806508280104026,238441,1054147.6619095802,1054151.4684178603,-1907.5034413337708
2023-08-21,1.0,4.438000202178955,3.806508280104026,238441,1058201.2062077522,1058205.0127160323,4053.544298171997
2023-08-22,0.0,4.431000232696533,3.806508280104026,238441,1056532.126484394,1056535.9329926742,-1669.0797233581543
2023-08-23,0.0,4.452000141143799,3.806508280104026,238441,1061539.3656544685,1061543.1721627486,5007.239170074463
2023-08-24,0.0,4.464000225067139,3.806508280104026,238441,1064400.6776652336,1064404.4841735137,2861.3120107650757
2023-08-25,0.0,4.447999954223633,3.806508280104026,238441,1060585.5570850372,1060589.3635933173,-3815.1205801963806
2023-08-28,0.0,4.449999809265137,3.806508280104026,238441,1061062.4045209885,1061066.2110292686,476.8474359512329
2023-08-29,0.0,4.461999893188477,3.806508280104026,238441,1063923.7165317535,1063927.5230400336,2861.3120107650757
2023-08-30,0.0,4.4770002365112305,3.806508280104026,238441,1067500.4133939743,1067504.2199022544,3576.696862220764
2023-08-31,0.0,4.49399995803833,3.806508280104026,238441,1071553.8439946175,1071557.6505028976,4053.430600643158
2023-09-01,0.0,4.488999843597412,3.806508280104026,238441,1070361.6117072105,1070365.4182154906,-1192.2322874069214
2023-09-04,0.0,4.50600004196167,3.806508280104026,238441,1074415.1560053825,1074418.9625136626,4053.544298171997
2023-09-05,0.0,4.507999897003174,3.806508280104026,238441,1074892.0034413338,1074895.8099496139,476.8474359512329
2023-09-06,0.0,4.505000114440918,3.806508280104026,238441,1074176.732287407,1074180.538795687,-715.2711539268494
2023-09-07,0.0,4.504000186920166,3.806508280104026,238441,1073938.3085694313,1073942.1150777114,-238.42371797561646
2023-09-08,0.0,4.535999774932861,3.806508280104026,238441,1081568.3223347664,1081572.1288430465,7630.013765335083
2023-09-11,0.0,4.545000076293945,3.806508280104026,238441,1083714.3631916046,1083718.1696998847,2146.0408568382263
2023-09-12,0.0,4.546000003814697,3.806508280104026,238441,1083952.7869095802,1083956.5934178603,238.42371797561646
2023-09-13,0.0,4.557000160217285,3.806508280104026,238441,1086575.6752023697,1086579.4817106498,2622.8882927894592
2023-09-14,0.0,4.5920000076293945,3.806508280104026,238441,1094921.0738191605,1094924.8803274406,8345.398616790771
2023-09-15,-1.0,4.547999858856201,1083349.011219466,0,0.0,1083349.011219466,-11575.86910797446
2023-09-18,0.0,4.52400016784668,1083349.011219466,0,0.0,1083349.011219466,0.0
2023-09-19,0.0,4.559000015258789,1083349.011219466,0,0.0,1083349.011219466,0.0
2023-09-20,0.0,4.593999862670898,1083349.011219466,0,0.0,1083349.011219466,0.0
2023-09-21,0.0,4.579999923706055,1083349.011219466,0,0.0,1083349.011219466,0.0
2023-09-22,0.0,4.560999870300293,1083349.011219466,0,0.0,1083349.011219466,0.0
2023-09-25,0.0,4.580999851226807,1083349.011219466,0,0.0,1083349.011219466,0.0
2023-09-26,0.0,4.578000068664551,1083349.011219466,0,0.0,1083349.011219466,0.0
2023-09-27,0.0,4.511000156402588,1083349.011219466,0,0.0,1083349.011219466,0.0
2023-09-28,0.0,4.435999870300293,1083349.011219466,0,0.0,1083349.011219466,0.0
2023-10-09,0.0,4.40500020980835,1083349.011219466,0,0.0,1083349.011219466,0.0
2023-10-10,0.0,4.3480000495910645,1083349.011219466,0,0.0,1083349.011219466,0.0
2023-10-11,0.0,4.355000019073486,1083349.011219466,0,0.0,1083349.011219466,0.0
2023-10-12,0.0,4.389999866485596,1083349.011219466,0,0.0,1083349.011219466,0.0
2023-10-13,0.0,4.40500020980835,1083349.011219466,0,0.0,1083349.011219466,0.0
2023-10-16,0.0,4.460000038146973,1083349.011219466,0,0.0,1083349.011219466,0.0
2023-10-17,0.0,4.480000019073486,1083349.011219466,0,0.0,1083349.011219466,0.0
2023-10-18,0.0,4.5229997634887695,1083349.011219466,0,0.0,1083349.011219466,0.0
2023-10-19,0.0,4.546999931335449,1083349.011219466,0,0.0,1083349.011219466,0.0
2023-10-20,0.0,4.5970001220703125,1083349.011219466,0,0.0,1083349.011219466,0.0
2023-10-23,0.0,4.572000026702881,1083349.011219466,0,0.0,1083349.011219466,0.0
2023-10-24,0.0,4.574999809265137,1083349.011219466,0,0.0,1083349.011219466,0.0
2023-10-25,0.0,4.557000160217285,1083349.011219466,0,0.0,1083349.011219466,0.0
2023-10-26,0.0,4.590000152587891,1083349.011219466,0,0.0,1083349.011219466,0.0
2023-10-27,0.0,4.598999977111816,1083349.011219466,0,0.0,1083349.011219466,0.0
2023-10-30,0.0,4.609000205993652,1083349.011219466,0,0.0,1083349.011219466,0.0
2023-10-31,0.0,4.619999885559082,1083349.011219466,0,0.0,1083349.011219466,0.0
2023-11-01,0.0,4.603000164031982,1083349.011219466,0,0.0,1083349.011219466,0.0
2023-11-02,0.0,4.61299991607666,1083349.011219466,0,0.0,1083349.011219466,0.0
2023-11-03,0.0,4.610000133514404,1083349.011219466,0,0.0,1083349.011219466,0.0
2023-11-06,0.0,4.586999893188477,1083349.011219466,0,0.0,1083349.011219466,0.0
2023-11-07,0.0,4.568999767303467,1083349.011219466,0,0.0,1083349.011219466,0.0
2023-11-08,0.0,4.551000118255615,1083349.011219466,0,0.0,1083349.011219466,0.0
2023-11-09,0.0,4.520999908447266,1083349.011219466,0,0.0,1083349.011219466,0.0
2023-11-10,0.0,4.553999900817871,1083349.011219466,0,0.0,1083349.011219466,0.0
2023-11-13,0.0,4.538000106811523,1083349.011219466,0,0.0,1083349.011219466,0.0
2023-11-14,0.0,4.558000087738037,1083349.011219466,0,0.0,1083349.011219466,0.0
2023-11-15,0.0,4.577000141143799,1083349.011219466,0,0.0,1083349.011219466,0.0
2023-11-16,0.0,4.559000015258789,1083349.011219466,0,0.0,1083349.011219466,0.0
2023-11-17,0.0,4.572000026702881,1083349.011219466,0,0.0,1083349.011219466,0.0
2023-11-20,0.0,4.521999835968018,1083349.011219466,0,0.0,1083349.011219466,0.0
2023-11-21,0.0,4.515999794006348,1083349.011219466,0,0.0,1083349.011219466,0.0
2023-11-22,0.0,4.499000072479248,1083349.011219466,0,0.0,1083349.011219466,0.0
2023-11-23,0.0,4.494999885559082,1083349.011219466,0,0.0,1083349.011219466,0.0
2023-11-24,0.0,4.499000072479248,1083349.011219466,0,0.0,1083349.011219466,0.0
2023-11-27,0.0,4.546000003814697,1083349.011219466,0,0.0,1083349.011219466,0.0
2023-11-28,0.0,4.559999942779541,1083349.011219466,0,0.0,1083349.011219466,0.0
2023-11-29,0.0,4.591000080108643,1083349.011219466,0,0.0,1083349.011219466,0.0
2023-11-30,0.0,4.589000225067139,1083349.011219466,0,0.0,1083349.011219466,0.0
2023-12-01,0.0,4.589000225067139,1083349.011219466,0,0.0,1083349.011219466,0.0
2023-12-04,0.0,4.64300012588501,1083349.011219466,0,0.0,1083349.011219466,0.0
2023-12-05,-1.0,4.579999923706055,1083349.011219466,0,0.0,1083349.011219466,0.0
2023-12-06,0.0,4.578000068664551,1083349.011219466,0,0.0,1083349.011219466,0.0
2023-12-07,0.0,4.584000110626221,1083349.011219466,0,0.0,1083349.011219466,0.0
2023-12-08,0.0,4.591000080108643,1083349.011219466,0,0.0,1083349.011219466,0.0
2023-12-11,0.0,4.557000160217285,1083349.011219466,0,0.0,1083349.011219466,0.0
2023-12-12,0.0,4.539000034332275,1083349.011219466,0,0.0,1083349.011219466,0.0
2023-12-13,0.0,4.5289998054504395,1083349.011219466,0,0.0,1083349.011219466,0.0
2023-12-14,0.0,4.5980000495910645,1083349.011219466,0,0.0,1083349.011219466,0.0
2023-12-15,0.0,4.590000152587891,1083349.011219466,0,0.0,1083349.011219466,0.0
2023-12-18,0.0,4.576000213623047,1083349.011219466,0,0.0,1083349.011219466,0.0
2023-12-19,0.0,4.589000225067139,1083349.011219466,0,0.0,1083349.011219466,0.0
2023-12-20,0.0,4.604000091552734,1083349.011219466,0,0.0,1083349.011219466,0.0
2023-12-21,0.0,4.605000019073486,1083349.011219466,0,0.0,1083349.011219466,0.0
2023-12-22,0.0,4.626999855041504,1083349.011219466,0,0.0,1083349.011219466,0.0
2023-12-25,0.0,4.633999824523926,1083349.011219466,0,0.0,1083349.011219466,0.0
2023-12-26,0.0,4.646999835968018,1083349.011219466,0,0.0,1083349.011219466,0.0
2023-12-27,0.0,4.659999847412109,1083349.011219466,0,0.0,1083349.011219466,0.0
2023-12-28,0.0,4.6620001792907715,1083349.011219466,0,0.0,1083349.011219466,0.0
2023-12-29,0.0,4.6479997634887695,1083349.011219466,0,0.0,1083349.011219466,0.0
2024-01-02,0.0,4.665999889373779,1083349.011219466,0,0.0,1083349.011219466,0.0
2024-01-03,0.0,4.663000106811523,1083349.011219466,0,0.0,1083349.011219466,0.0
2024-01-04,0.0,4.651000022888184,1083349.011219466,0,0.0,1083349.011219466,0.0
2024-01-05,0.0,4.664000034332275,1083349.011219466,0,0.0,1083349.011219466,0.0
2024-01-08,0.0,4.650000095367432,1083349.011219466,0,0.0,1083349.011219466,0.0
2024-01-09,0.0,4.64900016784668,1083349.011219466,0,0.0,1083349.011219466,0.0
2024-01-10,0.0,4.63100004196167,1083349.011219466,0,0.0,1083349.011219466,0.0
2024-01-11,0.0,4.63100004196167,1083349.011219466,0,0.0,1083349.011219466,0.0
2024-01-12,0.0,4.645999908447266,1083349.011219466,0,0.0,1083349.011219466,0.0
2024-01-15,0.0,4.645999908447266,1083349.011219466,0,0.0,1083349.011219466,0.0
2024-01-16,0.0,4.677000045776367,1083349.011219466,0,0.0,1083349.011219466,0.0
2024-01-17,-1.0,4.63100004196167,1083349.011219466,0,0.0,1083349.011219466,0.0
2024-01-18,0.0,4.616000175476074,1083349.011219466,0,0.0,1083349.011219466,0.0
2024-01-19,0.0,4.64300012588501,1083349.011219466,0,0.0,1083349.011219466,0.0
2024-01-22,0.0,4.625,1083349.011219466,0,0.0,1083349.011219466,0.0
2024-01-23,0.0,4.631999969482422,1083349.011219466,0,0.0,1083349.011219466,0.0
2024-01-24,0.0,4.625999927520752,1083349.011219466,0,0.0,1083349.011219466,0.0
2024-01-25,0.0,4.605000019073486,1083349.011219466,0,0.0,1083349.011219466,0.0
2024-01-26,1.0,4.625,2.87234446615912,234003,1082263.875,1082266.7473444662,-1082.263874999946
2024-01-29,0.0,4.633999824523926,2.87234446615912,234003,1084369.8609380722,1084372.7332825384,2105.9859380722046
2024-01-30,0.0,4.646999835968018,2.87234446615912,234003,1087411.902616024,1087414.7749604902,3042.0416779518127
2024-01-31,0.0,4.6529998779296875,2.87234446615912,234003,1088815.9304351807,1088818.8027796468,1404.0278191566467
2024-02-01,0.0,4.668000221252441,2.87234446615912,234003,1092326.055773735,1092328.9281182012,3510.1253385543823
2024-02-02,0.0,4.678999900817871,2.87234446615912,234003,1094900.0137910843,1094902.8861355504,2573.958017349243
2024-02-05,0.0,4.64300012588501,2.87234446615912,234003,1086475.95845747,1086478.830801936,-8424.05533361435
2024-02-06,0.0,4.632999897003174,2.87234446615912,234003,1084135.8748984337,1084138.7472428998,-2340.083559036255
2024-02-07,0.0,4.642000198364258,2.87234446615912,234003,1086241.9724178314,1086244.8447622976,2106.0975193977356
2024-02-08,0.0,4.6620001792907715,2.87234446615912,234003,1090922.0279545784,1090924.9002990446,4680.055536746979
2024-02-19,-1.0,4.644000053405762,1085626.1068970775,0,0.0,1085626.1068970775,-5298.793401967036
2024-02-20,0.0,4.642000198364258,1085626.1068970775,0,0.0,1085626.1068970775,0.0
2024-02-21,0.0,4.642000198364258,1085626.1068970775,0,0.0,1085626.1068970775,0.0
2024-02-22,0.0,4.638999938964844,1085626.1068970775,0,0.0,1085626.1068970775,0.0
2024-02-23,0.0,4.630000114440918,1085626.1068970775,0,0.0,1085626.1068970775,0.0
2024-02-26,0.0,4.651000022888184,1085626.1068970775,0,0.0,1085626.1068970775,0.0
2024-02-27,0.0,4.645999908447266,1085626.1068970775,0,0.0,1085626.1068970775,0.0
2024-02-28,0.0,4.644999980926514,1085626.1068970775,0,0.0,1085626.1068970775,0.0
2024-02-29,0.0,4.646999835968018,1085626.1068970775,0,0.0,1085626.1068970775,0.0
2024-03-01,0.0,4.666999816894531,1085626.1068970775,0,0.0,1085626.1068970775,0.0
2024-03-04,0.0,4.724999904632568,1085626.1068970775,0,0.0,1085626.1068970775,0.0
2024-03-05,0.0,4.789000034332275,1085626.1068970775,0,0.0,1085626.1068970775,0.0
2024-03-06,0.0,4.823999881744385,1085626.1068970775,0,0.0,1085626.1068970775,0.0
2024-03-07,0.0,4.885000228881836,1085626.1068970775,0,0.0,1085626.1068970775,0.0
2024-03-08,0.0,4.88100004196167,1085626.1068970775,0,0.0,1085626.1068970775,0.0
2024-03-11,0.0,4.89900016784668,1085626.1068970775,0,0.0,1085626.1068970775,0.0
2024-03-12,0.0,4.879000186920166,1085626.1068970775,0,0.0,1085626.1068970775,0.0
2024-03-13,0.0,4.869999885559082,1085626.1068970775,0,0.0,1085626.1068970775,0.0
2024-03-14,0.0,4.876999855041504,1085626.1068970775,0,0.0,1085626.1068970775,0.0
2024-03-15,0.0,4.89900016784668,1085626.1068970775,0,0.0,1085626.1068970775,0.0
2024-03-18,-1.0,4.860000133514404,1085626.1068970775,0,0.0,1085626.1068970775,0.0
2024-03-19,0.0,4.869999885559082,1085626.1068970775,0,0.0,1085626.1068970775,0.0
2024-03-20,0.0,4.880000114440918,1085626.1068970775,0,0.0,1085626.1068970775,0.0
2024-03-21,0.0,4.978000164031982,1085626.1068970775,0,0.0,1085626.1068970775,0.0
2024-03-22,0.0,4.946000099182129,1085626.1068970775,0,0.0,1085626.1068970775,0.0
2024-03-25,0.0,4.955999851226807,1085626.1068970775,0,0.0,1085626.1068970775,0.0
2024-03-26,0.0,4.966000080108643,1085626.1068970775,0,0.0,1085626.1068970775,0.0
2024-03-27,0.0,4.989999771118164,1085626.1068970775,0,0.0,1085626.1068970775,0.0
2024-03-28,0.0,5.0289998054504395,1085626.1068970775,0,0.0,1085626.1068970775,0.0
2024-03-29,0.0,5.125999927520752,1085626.1068970775,0,0.0,1085626.1068970775,0.0
2024-04-01,0.0,5.15500020980835,1085626.1068970775,0,0.0,1085626.1068970775,0.0
2024-04-02,0.0,5.158999919891357,1085626.1068970775,0,0.0,1085626.1068970775,0.0
2024-04-03,0.0,5.230999946594238,1085626.1068970775,0,0.0,1085626.1068970775,0.0
2024-04-08,0.0,5.354000091552734,1085626.1068970775,0,0.0,1085626.1068970775,0.0
2024-04-09,0.0,5.36899995803833,1085626.1068970775,0,0.0,1085626.1068970775,0.0
2024-04-10,0.0,5.388000011444092,1085626.1068970775,0,0.0,1085626.1068970775,0.0
2024-04-11,0.0,5.3480000495910645,1085626.1068970775,0,0.0,1085626.1068970775,0.0
2024-04-12,0.0,5.504000186920166,1085626.1068970775,0,0.0,1085626.1068970775,0.0
2024-04-15,-1.0,5.416999816894531,1085626.1068970775,0,0.0,1085626.1068970775,0.0
2024-04-16,0.0,5.452000141143799,1085626.1068970775,0,0.0,1085626.1068970775,0.0
2024-04-17,0.0,5.460999965667725,1085626.1068970775,0,0.0,1085626.1068970775,0.0
2024-04-18,0.0,5.445000171661377,1085626.1068970775,0,0.0,1085626.1068970775,0.0
2024-04-19,0.0,5.4710001945495605,1085626.1068970775,0,0.0,1085626.1068970775,0.0
2024-04-22,0.0,5.363999843597412,1085626.1068970775,0,0.0,1085626.1068970775,0.0
2024-04-23,0.0,5.23199987411499,1085626.1068970775,0,0.0,1085626.1068970775,0.0
2024-04-24,0.0,5.2870001792907715,1085626.1068970775,0,0.0,1085626.1068970775,0.0
2024-04-25,0.0,5.288000106811523,1085626.1068970775,0,0.0,1085626.1068970775,0.0
2024-04-26,0.0,5.328999996185303,1085626.1068970775,0,0.0,1085626.1068970775,0.0
2024-04-29,0.0,5.294000148773193,1085626.1068970775,0,0.0,1085626.1068970775,0.0
2024-04-30,0.0,5.285999774932861,1085626.1068970775,0,0.0,1085626.1068970775,0.0
2024-05-06,0.0,5.254000186920166,1085626.1068970775,0,0.0,1085626.1068970775,0.0
2024-05-07,0.0,5.26800012588501,1085626.1068970775,0,0.0,1085626.1068970775,0.0
2024-05-08,0.0,5.261000156402588,1085626.1068970775,0,0.0,1085626.1068970775,0.0
2024-05-09,0.0,5.25,1085626.1068970775,0,0.0,1085626.1068970775,0.0
2024-05-10,0.0,5.36899995803833,1085626.1068970775,0,0.0,1085626.1068970775,0.0
2024-05-13,0.0,5.336999893188477,1085626.1068970775,0,0.0,1085626.1068970775,0.0
2024-05-14,0.0,5.328999996185303,1085626.1068970775,0,0.0,1085626.1068970775,0.0
2024-05-15,0.0,5.369999885559082,1085626.1068970775,0,0.0,1085626.1068970775,0.0
2024-05-16,0.0,5.416999816894531,1085626.1068970775,0,0.0,1085626.1068970775,0.0
2024-05-17,0.0,5.415999889373779,1085626.1068970775,0,0.0,1085626.1068970775,0.0
2024-05-20,0.0,5.550000190734863,1085626.1068970775,0,0.0,1085626.1068970775,0.0
2024-05-21,0.0,5.480999946594238,1085626.1068970775,0,0.0,1085626.1068970775,0.0
2024-05-22,0.0,5.492000102996826,1085626.1068970775,0,0.0,1085626.1068970775,0.0
2024-05-23,0.0,5.366000175476074,1085626.1068970775,0,0.0,1085626.1068970775,0.0
2024-05-24,0.0,5.318999767303467,1085626.1068970775,0,0.0,1085626.1068970775,0.0
2024-05-27,0.0,5.3379998207092285,1085626.1068970775,0,0.0,1085626.1068970775,0.0
2024-05-28,0.0,5.334000110626221,1085626.1068970775,0,0.0,1085626.1068970775,0.0
2024-05-29,0.0,5.369999885559082,1085626.1068970775,0,0.0,1085626.1068970775,0.0
2024-05-30,-1.0,5.316999912261963,1085626.1068970775,0,0.0,1085626.1068970775,0.0
2024-05-31,0.0,5.3429999351501465,1085626.1068970775,0,0.0,1085626.1068970775,0.0
2024-06-03,0.0,5.296000003814697,1085626.1068970775,0,0.0,1085626.1068970775,0.0
2024-06-04,0.0,5.3460001945495605,1085626.1068970775,0,0.0,1085626.1068970775,0.0
2024-06-05,0.0,5.323999881744385,1085626.1068970775,0,0.0,1085626.1068970775,0.0
2024-06-06,0.0,5.3979997634887695,1085626.1068970775,0,0.0,1085626.1068970775,0.0
2024-06-07,0.0,5.39900016784668,1085626.1068970775,0,0.0,1085626.1068970775,0.0
2024-06-11,0.0,5.236999988555908,1085626.1068970775,0,0.0,1085626.1068970775,0.0
2024-06-12,0.0,5.267000198364258,1085626.1068970775,0,0.0,1085626.1068970775,0.0
2024-06-13,0.0,5.269000053405762,1085626.1068970775,0,0.0,1085626.1068970775,0.0
2024-06-14,0.0,5.270999908447266,1085626.1068970775,0,0.0,1085626.1068970775,0.0
2024-06-17,0.0,5.2789998054504395,1085626.1068970775,0,0.0,1085626.1068970775,0.0
2024-06-18,0.0,5.283999919891357,1085626.1068970775,0,0.0,1085626.1068970775,0.0
2024-06-19,0.0,5.304999828338623,1085626.1068970775,0,0.0,1085626.1068970775,0.0
2024-06-20,0.0,5.35099983215332,1085626.1068970775,0,0.0,1085626.1068970775,0.0
2024-06-21,0.0,5.375999927520752,1085626.1068970775,0,0.0,1085626.1068970775,0.0
2024-06-24,0.0,5.289999961853027,1085626.1068970775,0,0.0,1085626.1068970775,0.0
2024-06-25,0.0,5.302000045776367,1085626.1068970775,0,0.0,1085626.1068970775,0.0
2024-06-26,0.0,5.270999908447266,1085626.1068970775,0,0.0,1085626.1068970775,0.0
2024-06-27,0.0,5.242000102996826,1085626.1068970775,0,0.0,1085626.1068970775,0.0
2024-06-28,1.0,5.296999931335449,2.019407928455621,204746,1084539.547941208,1084541.5673491363,-1084.5395479411818
2024-07-01,0.0,5.298999786376953,2.019407928455621,204746,1084949.0102615356,1084951.029669464,409.4623203277588
2024-07-02,0.0,5.306000232696533,2.019407928455621,204746,1086382.3236436844,1086384.3430516128,1433.3133821487427
2024-07-03,0.0,5.340000152587891,2.019407928455621,204746,1093343.6712417603,1093345.6906496887,6961.347598075867
2024-07-04,0.0,5.364999771118164,2.019407928455621,204746,1098462.2431373596,1098464.262545288,5118.571895599365
2024-07-05,0.0,5.38100004196167,2.019407928455621,204746,1101738.234591484,1101740.2539994125,3275.9914541244507
2024-07-08,0.0,5.383999824523926,2.019407928455621,204746,1102352.4280719757,1102354.4474799042,614.1934804916382
2024-07-09,0.0,5.361999988555908,2.019407928455621,204746,1097848.049656868,1097850.0690647964,-4504.378415107727
2024-07-10,0.0,5.396999835968018,2.019407928455621,204746,1105014.1284151077,1105016.1478230362,7166.078758239746
2024-07-11,0.0,5.416999816894531,2.019407928455621,204746,1109109.0445098877,1109111.0639178162,4094.9160947799683
2024-07-12,0.0,5.446000099182129,2.019407928455621,204746,1115046.7363071442,1115048.7557150726,5937.69179725647
2024-07-15,0.0,5.441999912261963,2.019407928455621,204746,1114227.7140359879,1114229.7334439163,-819.022271156311
2024-07-16,0.0,5.505000114440918,2.019407928455621,204746,1127126.7534313202,1127128.7728392486,12899.039395332336
2024-07-17,0.0,5.576000213623047,2.019407928455621,204746,1141663.7397384644,1141665.7591463928,14536.986307144165
2024-07-18,0.0,5.572999954223633,2.019407928455621,204746,1141049.448627472,1141051.4680354004,-614.2911109924316
2024-07-19,0.0,5.425000190734863,2.019407928455621,204746,1110747.0890522003,1110749.1084601288,-30302.359575271606
2024-07-22,0.0,5.421000003814697,2.019407928455621,204746,1109928.066781044,1109930.0861889725,-819.022271156311
2024-07-23,0.0,5.394000053405762,2.019407928455621,204746,1104399.934934616,1104401.9543425445,-5528.1318464279175
2024-07-24,0.0,5.465000152587891,2.019407928455621,204746,1118936.9212417603,1118938.9406496887,14536.986307144165
2024-07-25,0.0,5.327000141143799,2.019407928455621,204746,1090681.9708986282,1090683.9903065567,-28254.95034313202
2024-07-26,0.0,5.349999904632568,2.019407928455621,204746,1095391.0804738998,1095393.0998818283,4709.109575271606
2024-07-29,0.0,5.38700008392334,2.019407928455621,204746,1102966.7191829681,1102968.7385908966,7575.638709068298
2024-07-30,0.0,5.394000053405762,2.019407928455621,204746,1104399.934934616,1104401.9543425445,1433.2157516479492
2024-07-31,0.0,5.435999870300293,2.019407928455621,204746,1112999.2294445038,1113001.2488524322,8599.294509887695
2024-08-01,0.0,5.480000019073486,2.019407928455621,204746,1122008.08390522,1122010.1033131485,9008.854460716248
2024-08-02,0.0,5.505000114440918,2.019407928455621,204746,1127126.7534313202,1127128.7728392486,5118.669526100159
2024-08-05,0.0,5.366000175476074,2.019407928455621,204746,1098667.0719280243,1098669.0913359527,-28459.6815032959
2024-08-06,0.0,5.327000141143799,2.019407928455621,204746,1090681.9708986282,1090683.9903065567,-7985.101029396057
2024-08-07,0.0,5.3520002365112305,2.019407928455621,204746,1095800.6404247284,1095802.6598326568,5118.669526100159
2024-08-08,0.0,5.348999977111816,2.019407928455621,204746,1095186.349313736,1095188.3687216644,-614.2911109924316
2024-08-09,0.0,5.395999908447266,2.019407928455621,204746,1104809.3972549438,1104811.4166628723,9623.047941207886
2024-08-12,0.0,5.436999797821045,2.019407928455621,204746,1113203.9606046677,1113205.9800125961,8394.563349723816
2024-08-13,0.0,5.473999977111816,2.019407928455621,204746,1120779.599313736,1120781.6187216644,7575.638709068298
2024-08-14,0.0,5.455999851226807,2.019407928455621,204746,1117094.1455392838,1117096.1649472122,-3685.4537744522095
2024-08-15,0.0,5.442999839782715,2.019407928455621,204746,1114432.4451961517,1114434.4646040802,-2661.700343132019
2024-08-16,0.0,5.453000068664551,2.019407928455621,204746,1116479.952058792,1116481.9714667206,2047.5068626403809
2024-08-19,0.0,5.513000011444092,2.019407928455621,204746,1128764.700343132,1128766.7197510605,12284.748284339905
2024-08-20,0.0,5.513000011444092,2.019407928455621,204746,1128764.700343132,1128766.7197510605,0.0
2024-08-21,0.0,5.5370001792907715,2.019407928455621,204746,1133678.6387090683,1133680.6581169968,4913.938365936279
2024-08-22,0.0,5.5229997634887695,2.019407928455621,204746,1130812.1095752716,1130814.1289832,-2866.529133796692
2024-08-23,0.0,5.504000186920166,2.019407928455621,204746,1126922.0222711563,1126924.0416790848,-3890.0873041152954
2024-08-26,0.0,5.538000106811523,2.019407928455621,204746,1133883.3698692322,1133885.3892771606,6961.347598075867
2024-08-27,0.0,5.533999919891357,2.019407928455621,204746,1133064.3475980759,1133066.3670060043,-819.022271156311
2024-08-28,0.0,5.5279998779296875,2.019407928455621,204746,1131835.8630065918,1131837.8824145203,-1228.4845914840698
2024-08-29,0.0,5.534999847412109,2.019407928455621,204746,1133269.0787582397,1133271.0981661682,1433.2157516479492
2024-08-30,0.0,5.521999835968018,2.019407928455621,204746,1130607.3784151077,1130609.3978230362,-2661.700343132019
2024-09-02,0.0,5.491000175476074,2.019407928455621,204746,1124260.3219280243,1124262.3413359527,-6347.056487083435
2024-09-03,0.0,5.500999927520752,2.019407928455621,204746,1126307.7311601639,1126309.7505680923,2047.4092321395874
2024-09-04,0.0,5.4629998207092285,2.019407928455621,204746,1118527.3612909317,1118529.3806988602,-7780.369869232178
2024-09-05,1.0,5.501999855041504,2.019407928455621,204746,1126512.4623203278,1126514.4817282562,7985.101029396057
2024-09-06,0.0,5.517000198364258,2.019407928455621,204746,1129583.7226142883,1129585.7420222168,3071.2602939605713
2024-09-09,0.0,5.4770002365112305,2.019407928455621,204746,1121393.8904247284,1121395.9098326568,-8189.8321895599365
2024-09-10,0.0,5.513000011444092,2.019407928455621,204746,1128764.700343132,1128766.7197510605,7370.8099184036255
2024-09-11,0.0,5.541999816894531,2.019407928455621,204746,1134702.2945098877,1134704.3139178162,5937.594166755676
2024-09-12,0.0,5.531000137329102,2.019407928455621,204746,1132450.1541175842,1132452.1735255127,-2252.140392303467
2024-09-13,0.0,5.611000061035156,2.019407928455621,204746,1148829.818496704,1148831.8379046326,16379.664379119873
2024-09-18,0.0,5.609000205993652,2.019407928455621,204746,1148420.3561763763,1148422.3755843048,-409.4623203277588
2024-09-19,0.0,5.599999904632568,2.019407928455621,204746,1146577.5804738998,1146579.5998818283,-1842.7757024765015
2024-09-20,0.0,5.663000106811523,2.019407928455621,204746,1159476.6198692322,1159478.6392771606,12899.039395332336
2024-09-23,0.0,5.710999965667725,2.019407928455621,204746,1169304.398970604,1169306.4183785324,9827.779101371765
2024-09-24,0.0,5.697000026702881,2.019407928455621,204746,1166437.967467308,1166439.9868752365,-2866.4315032958984
2024-09-25,0.0,5.739999771118164,2.019407928455621,204746,1175241.9931373596,1175244.012545288,8804.025670051575
2024-09-26,0.0,5.750999927520752,2.019407928455621,204746,1177494.2311601639,1177496.2505680923,2252.2380228042603
2024-09-27,0.0,5.708000183105469,2.019407928455621,204746,1168690.2054901123,1168692.2248980408,-8804.025670051575
2024-09-30,0.0,5.706999778747559,2.019407928455621,204746,1168485.3766994476,1168487.396107376,-204.82879066467285
2024-10-08,0.0,5.714000225067139,2.019407928455621,204746,1169918.6900815964,1169920.7094895248,1433.3133821487427
2024-10-09,0.0,5.639999866485596,2.019407928455621,204746,1154767.4126634598,1154769.4320713882,-15151.277418136597
2024-10-10,1.0,5.676000118255615,2.019407928455621,204746,1162138.3202123642,1162140.3396202927,7370.907548904419
2024-10-11,0.0,5.738999843597412,2.019407928455621,204746,1175037.2619771957,1175039.2813851242,12898.941764831543
2024-10-14,0.0,5.798999786376953,2.019407928455621,204746,1187322.0102615356,1187324.029669464,12284.748284339905
2024-10-15,0.0,5.798999786376953,2.019407928455621,204746,1187322.0102615356,1187324.029669464,0.0
2024-10-16,0.0,5.883999824523926,2.019407928455621,204746,1204725.4280719757,1204727.4474799042,17403.417810440063
2024-10-17,0.0,5.90500020980835,2.019407928455621,204746,1209025.1729574203,1209027.1923653488,4299.744885444641
2024-10-18,0.0,5.945000171661377,2.019407928455621,204746,1217215.0051469803,1217217.0245549087,8189.8321895599365
2024-10-21,0.0,6.019999980926514,2.019407928455621,204746,1232570.91609478,1232572.9355027084,15355.910947799683
2024-10-22,0.0,6.01800012588501,2.019407928455621,204746,1232161.4537744522,1232163.4731823807,-409.4623203277588
2024-10-23,0.0,6.056000232696533,2.019407928455621,204746,1239941.8236436844,1239943.8430516128,7780.369869232178
2024-10-24,0.0,5.994999885559082,2.019407928455621,204746,1227452.2465686798,1227454.2659766083,-12489.577075004578
2024-10-25,0.0,5.998000144958496,2.019407928455621,204746,1228066.5376796722,1228068.5570876007,614.2911109924316
2024-10-28,0.0,6.017000198364258,2.019407928455621,204746,1231956.7226142883,1231958.7420222168,3890.184934616089
2024-10-29,0.0,6.067999839782715,2.019407928455621,204746,1242398.6951961517,1242400.7146040802,10441.972581863403
2024-10-30,0.0,6.139999866485596,2.019407928455621,204746,1257140.4126634598,1257142.4320713882,14741.717467308044
2024-10-31,0.0,6.103000164031982,2.019407928455621,204746,1249564.8715848923,1249566.8909928207,-7575.541078567505
2024-11-01,0.0,6.051000118255615,2.019407928455621,204746,1238918.0702123642,1238920.0896202927,-10646.801372528076
2024-11-04,0.0,6.00600004196167,2.019407928455621,204746,1229704.484591484,1229706.5039994125,-9213.585620880127
2024-11-05,0.0,6.00600004196167,2.019407928455621,204746,1229704.484591484,1229706.5039994125,0.0
2024-11-06,0.0,5.99399995803833,2.019407928455621,204746,1227247.515408516,1227249.5348164444,-2456.9691829681396
2024-11-07,0.0,5.860000133514404,2.019407928455621,204746,1199811.5873365402,1199813.6067444687,-27435.928071975708
2024-11-08,0.0,5.8979997634887695,2.019407928455621,204746,1207591.8595752716,1207593.8789832,7780.272238731384
2024-11-11,0.0,5.90500020980835,2.019407928455621,204746,1209025.1729574203,1209027.1923653488,1433.3133821487427
2024-11-12,0.0,5.807000160217285,2.019407928455621,204746,1188960.0548038483,1188962.0742117767,-20065.118153572083
2024-11-13,0.0,5.796000003814697,2.019407928455621,204746,1186707.816781044,1186709.8361889725,-2252.2380228042603
2024-11-14,0.0,5.679999828338623,2.019407928455621,204746,1162957.2448530197,1162959.2642609482,-23750.571928024292
2024-11-15,0.0,5.683000087738037,2.019407928455621,204746,1163571.5359640121,1163573.5553719406,614.2911109924316
2024-11-18,0.0,5.757999897003174,2.019407928455621,204746,1178927.4469118118,1178929.4663197403,15355.910947799683
2024-11-19,0.0,5.857999801635742,2.019407928455621,204746,1199402.0273857117,1199404.0467936401,20474.58047389984
2024-11-20,0.0,5.85699987411499,2.019407928455621,204746,1199197.2962255478,1199199.3156334762,-204.7311601638794
2024-11-21,0.0,5.933000087738037,2.019407928455621,204746,1214758.0359640121,1214760.0553719406,15560.739738464355
2024-11-22,0.0,6.010000228881836,2.019407928455621,204746,1230523.5068626404,1230525.5262705688,15765.470898628235
2024-11-25,-1.0,5.915999889373779,1210068.0554443025,0,0.0,1210068.0554443025,-20457.470826266333
2024-11-26,0.0,5.843999862670898,1210068.0554443025,0,0.0,1210068.0554443025,0.0
2024-11-27,0.0,5.89900016784668,1210068.0554443025,0,0.0,1210068.0554443025,0.0
2024-11-28,0.0,5.86899995803833,1210068.0554443025,0,0.0,1210068.0554443025,0.0
2024-11-29,0.0,5.922999858856201,1210068.0554443025,0,0.0,1210068.0554443025,0.0
2024-12-02,0.0,5.872000217437744,1210068.0554443025,0,0.0,1210068.0554443025,0.0
2024-12-03,0.0,5.931000232696533,1210068.0554443025,0,0.0,1210068.0554443025,0.0
2024-12-04,0.0,5.928999900817871,1210068.0554443025,0,0.0,1210068.0554443025,0.0
2024-12-05,0.0,5.927000045776367,1210068.0554443025,0,0.0,1210068.0554443025,0.0
2024-12-06,0.0,5.9029998779296875,1210068.0554443025,0,0.0,1210068.0554443025,0.0
2024-12-09,1.0,5.935999870300293,4.699355801567435,203648,1208854.501586914,1208859.2009427156,-1208.854501586873
2024-12-10,0.0,5.960999965667725,4.699355801567435,203648,1213945.7210083008,1213950.4203641023,5091.219421386719
2024-12-11,0.0,6.011000156402588,4.699355801567435,203648,1224128.1598510742,1224132.8592068758,10182.438842773438
2024-12-12,0.0,6.052000045776367,4.699355801567435,203648,1232477.7053222656,1232482.4046780672,8349.545471191406
2024-12-13,0.0,6.000999927520752,4.699355801567435,203648,1222091.633239746,1222096.3325955477,-10386.072082519531
2024-12-16,0.0,5.947000026702881,4.699355801567435,203648,1211094.6614379883,1211099.3607937898,-10996.971801757812
2024-12-17,0.0,5.940000057220459,4.699355801567435,203648,1209669.131652832,1209673.8310086336,-1425.52978515625
2024-12-18,0.0,5.932000160217285,4.699355801567435,203648,1208039.9686279297,1208044.6679837313,-1629.1630249023438
2024-12-19,0.0,5.885000228881836,4.699355801567435,203648,1198468.5266113281,1198473.2259671297,-9571.442016601562
2024-12-20,0.0,5.892000198364258,4.699355801567435,203648,1199894.0563964844,1199898.755752286,1425.52978515625
2024-12-23,0.0,5.951000213623047,4.699355801567435,203648,1211909.2915039062,1211913.9908597078,12015.235107421875
2024-12-24,0.0,5.921000003814697,4.699355801567435,203648,1205799.8087768555,1205804.508132657,-6109.482727050781
2024-12-25,0.0,5.935999870300293,4.699355801567435,203648,1208854.501586914,1208859.2009427156,3054.6928100585938
2024-12-26,0.0,5.940000057220459,4.699355801567435,203648,1209669.131652832,1209673.8310086336,814.6300659179688
2024-12-27,0.0,5.945000171661377,4.699355801567435,203648,1210687.394958496,1210692.0943142977,1018.2633056640625
2024-12-30,0.0,5.922999858856201,4.699355801567435,203648,1206207.0752563477,1206211.7746121492,-4480.3197021484375
2024-12-31,0.0,5.927999973297119,4.699355801567435,203648,1207225.3385620117,1207230.0379178133,1018.2633056640625
2025-01-02,0.0,5.9770002365112305,4.699355801567435,203648,1217204.144165039,1217208.8435208406,9978.805603027344
2025-01-03,0.0,6.0289998054504395,4.699355801567435,203648,1227793.752380371,1227798.4517361727,10589.608215332031
2025-01-06,0.0,5.989999771118164,4.699355801567435,203648,1219851.4733886719,1219856.1727444734,-7942.278991699219
2025-01-07,0.0,6.0,4.699355801567435,203648,1221888.0,1221892.6993558016,2036.526611328125
2025-01-08,0.0,6.03000020980835,4.699355801567435,203648,1227997.4827270508,1228002.1820828523,6109.482727050781
2025-01-09,0.0,6.065000057220459,4.699355801567435,203648,1235125.131652832,1235129.8310086336,7127.64892578125
2025-01-10,0.0,6.105000019073486,4.699355801567435,203648,1243271.0438842773,1243275.743240079,8145.9122314453125
2025-01-13,0.0,6.119999885559082,4.699355801567435,203648,1246325.736694336,1246330.4360501375,3054.6928100585938
2025-01-14,0.0,6.067999839782715,4.699355801567435,203648,1235736.0313720703,1235740.7307278719,-10589.705322265625
2025-01-15,0.0,6.1020002365112305,4.699355801567435,203648,1242660.144165039,1242664.8435208406,6924.11279296875
2025-01-16,0.0,6.122000217437744,4.699355801567435,203648,1246733.1002807617,1246737.7996365633,4072.9561157226562
2025-01-17,0.0,6.138999938964844,4.699355801567435,203648,1250195.0595703125,1250199.758926114,3461.9592895507812
2025-01-20,0.0,6.126999855041504,4.699355801567435,203648,1247751.2664794922,1247755.9658352938,-2443.7930908203125
2025-01-21,0.0,6.126999855041504,4.699355801567435,203648,1247751.2664794922,1247755.9658352938,0.0
2025-01-22,0.0,6.181000232696533,4.699355801567435,203648,1258748.3353881836,1258753.0347439852,10997.068908691406
2025-01-23,0.0,6.186999797821045,4.699355801567435,203648,1259970.1348266602,1259974.8341824617,1221.7994384765625
2025-01-24,0.0,6.2179999351501465,4.699355801567435,203648,1266283.250793457,1266287.9501492586,6313.115966796875
2025-01-27,0.0,6.202000141143799,4.699355801567435,203648,1263024.9247436523,1263029.624099454,-3258.3260498046875
2025-02-05,0.0,6.439000129699707,4.699355801567435,203648,1311289.498413086,1311294.1977688875,48264.573669433594
2025-02-06,0.0,6.4019999504089355,4.699355801567435,203648,1303754.485900879,1303759.1852566805,-7535.012512207031
2025-02-07,0.0,6.420000076293945,4.699355801567435,203648,1307420.1755371094,1307424.874892911,3665.6896362304688
2025-02-10,0.0,6.51800012588501,4.699355801567435,203648,1327377.6896362305,1327382.388992032,19957.514099121094
2025-02-11,0.0,6.584000110626221,4.699355801567435,203648,1340818.4545288086,1340823.1538846102,13440.764892578125
2025-02-12,0.0,6.538000106811523,4.699355801567435,203648,1331450.6457519531,1331455.3451077547,-9367.808776855469
2025-02-13,0.0,6.570000171661377,4.699355801567435,203648,1337967.394958496,1337972.0943142977,6516.749206542969
2025-02-14,0.0,6.605000019073486,4.699355801567435,203648,1345095.0438842773,1345099.743240079,7127.64892578125
2025-02-17,0.0,6.49399995803833,4.699355801567435,203648,1322490.1034545898,1322494.8028103914,-22604.9404296875
2025-02-18,0.0,6.554999828338623,4.699355801567435,203648,1334912.605041504,1334917.3043973055,12422.501586914062
2025-02-19,0.0,6.5980000495910645,4.699355801567435,203648,1343669.514099121,1343674.2134549227,8756.909057617188
2025-02-20,0.0,6.61899995803833,4.699355801567435,203648,1347946.1034545898,1347950.8028103914,4276.58935546875
2025-02-21,0.0,6.567999839782715,4.699355801567435,203648,1337560.0313720703,1337564.7307278719,-10386.072082519531
2025-02-24,0.0,6.580999851226807,4.699355801567435,203648,1340207.4577026367,1340212.1570584383,2647.4263305664062
2025-02-25,0.0,6.581999778747559,4.699355801567435,203648,1340411.0909423828,1340415.7902981844,203.63323974609375
2025-02-26,0.0,6.519000053405762,4.699355801567435,203648,1327581.3228759766,1327586.0222317781,-12829.76806640625
2025-02-27,0.0,6.492000102996826,4.699355801567435,203648,1322082.8369750977,1322087.5363308992,-5498.485900878906
2025-02-28,0.0,6.443999767303467,4.699355801567435,203648,1312307.6646118164,1312312.363967618,-9775.17236328125
2025-03-03,0.0,6.451000213623047,4.699355801567435,203648,1313733.2915039062,1313737.9908597078,1425.6268920898438
2025-03-04,0.0,6.499000072479248,4.699355801567435,203648,1323508.366760254,1323513.0661160555,9775.075256347656
2025-03-05,0.0,6.546999931335449,4.699355801567435,203648,1333283.4420166016,1333288.1413724031,9775.075256347656
2025-03-06,0.0,6.534999847412109,4.699355801567435,203648,1330839.6489257812,1330844.3482815828,-2443.7930908203125
2025-03-07,0.0,6.526000022888184,4.699355801567435,203648,1329006.8526611328,1329011.5520169344,-1832.7962646484375
2025-03-10,0.0,6.544000148773193,4.699355801567435,203648,1332672.5422973633,1332677.2416531648,3665.6896362304688
2025-03-11,0.0,6.505000114440918,4.699355801567435,203648,1324730.263305664,1324734.9626614656,-7942.278991699219
2025-03-12,1.0,6.526000022888184,4.699355801567435,203648,1329006.8526611328,1329011.5520169344,4276.58935546875
2025-03-13,0.0,6.574999809265137,4.699355801567435,203648,1338985.5611572266,1338990.2605130281,9978.70849609375
2025-03-14,0.0,6.672999858856201,4.699355801567435,203648,1358943.0752563477,1358947.7746121492,19957.514099121094
2025-03-17,0.0,6.677000045776367,4.699355801567435,203648,1359757.7053222656,1359762.4046780672,814.6300659179688
2025-03-18,0.0,6.7270002365112305,4.699355801567435,203648,1369940.144165039,1369944.8435208406,10182.438842773438
2025-03-19,0.0,6.800000190734863,4.699355801567435,203648,1384806.4388427734,1384811.138198575,14866.294677734375
2025-03-20,0.0,6.807000160217285,4.699355801567435,203648,1386231.9686279297,1386236.6679837313,1425.52978515625
2025-03-21,0.0,6.77400016784668,4.699355801567435,203648,1379511.5861816406,1379516.2855374422,-6720.3824462890625
2025-03-24,0.0,6.78000020980835,4.699355801567435,203648,1380733.4827270508,1380738.1820828523,1221.8965454101562
2025-03-25,0.0,6.77400016784668,4.699355801567435,203648,1379511.5861816406,1379516.2855374422,-1221.8965454101562
2025-03-26,0.0,6.795000076293945,4.699355801567435,203648,1383788.1755371094,1383792.874892911,4276.58935546875
2025-03-27,0.0,6.811999797821045,4.699355801567435,203648,1387250.1348266602,1387254.8341824617,3461.9592895507812
2025-03-28,0.0,6.938000202178955,4.699355801567435,203648,1412909.8651733398,1412914.5645291414,25659.730346679688
2025-03-31,0.0,7.01200008392334,4.699355801567435,203648,1427979.7930908203,1427984.4924466219,15069.927917480469
2025-04-01,0.0,7.056000232696533,4.699355801567435,203648,1436940.3353881836,1436945.0347439852,8960.542297363281
2025-04-02,0.0,7.0289998054504395,4.699355801567435,203648,1431441.752380371,1431446.4517361727,-5498.5830078125
2025-04-03,0.0,7.093999862670898,4.699355801567435,203648,1444678.8840332031,1444683.5833890047,13237.131652832031
2025-04-07,0.0,6.876999855041504,4.699355801567435,203648,1400487.2664794922,1400491.9658352938,-44191.61755371094
2025-04-08,0.0,6.925000190734863,4.699355801567435,203648,1410262.4388427734,1410267.138198575,9775.17236328125
2025-04-09,0.0,7.01200008392334,4.699355801567435,203648,1427979.7930908203,1427984.4924466219,17717.354248046875
2025-04-10,0.0,7.164000034332275,4.699355801567435,203648,1458934.2789916992,1458938.9783475008,30954.485900878906
2025-04-11,0.0,7.2729997634887695,4.699355801567435,203648,1481131.855834961,1481136.5551907625,22197.57684326172
2025-04-14,0.0,7.327000141143799,4.699355801567435,203648,1492128.9247436523,1492133.624099454,10997.068908691406
2025-04-15,0.0,7.324999809265137,4.699355801567435,203648,1491721.5611572266,1491726.2605130281,-407.36358642578125
2025-04-16,0.0,7.502999782562256,4.699355801567435,203648,1527970.8997192383,1527975.5990750398,36249.33856201172
2025-04-17,0.0,7.565000057220459,4.699355801567435,203648,1540597.131652832,1540601.8310086336,12626.23193359375
2025-04-18,0.0,7.583000183105469,4.699355801567435,203648,1544262.8212890625,1544267.520644864,3665.6896362304688
2025-04-21,0.0,7.723999977111816,4.699355801567435,203648,1572977.1473388672,1572981.8466946688,28714.326049804688
2025-04-22,0.0,7.98199987411499,4.699355801567435,203648,1625518.3103637695,1625523.009719571,52541.163024902344
2025-04-23,-1.0,7.5,1525837.3393558015,0,0.0,1525837.3393558015,-99685.67036376963
2025-04-24,0.0,7.581999778747559,1525837.3393558015,0,0.0,1525837.3393558015,0.0
2025-04-25,0.0,7.53000020980835,1525837.3393558015,0,0.0,1525837.3393558015,0.0
2025-04-28,0.0,7.465000152587891,1525837.3393558015,0,0.0,1525837.3393558015,0.0
2025-04-29,0.0,7.517000198364258,1525837.3393558015,0,0.0,1525837.3393558015,0.0
2025-04-30,0.0,7.4710001945495605,1525837.3393558015,0,0.0,1525837.3393558015,0.0
2025-05-06,0.0,7.611999988555908,1525837.3393558015,0,0.0,1525837.3393558015,0.0
2025-05-07,0.0,7.671000003814697,1525837.3393558015,0,0.0,1525837.3393558015,0.0
2025-05-08,0.0,7.557000160217285,1525837.3393558015,0,0.0,1525837.3393558015,0.0
2025-05-09,0.0,7.531000137329102,1525837.3393558015,0,0.0,1525837.3393558015,0.0
2025-05-12,0.0,7.375999927520752,1525837.3393558015,0,0.0,1525837.3393558015,0.0
2025-05-13,0.0,7.331999778747559,1525837.3393558015,0,0.0,1525837.3393558015,0.0
2025-05-14,0.0,7.2769999504089355,1525837.3393558015,0,0.0,1525837.3393558015,0.0
2025-05-15,0.0,7.061999797821045,1525837.3393558015,0,0.0,1525837.3393558015,0.0
2025-05-16,0.0,7.177000045776367,1525837.3393558015,0,0.0,1525837.3393558015,0.0
2025-05-19,0.0,7.2220001220703125,1525837.3393558015,0,0.0,1525837.3393558015,0.0
2025-05-20,0.0,7.209000110626221,1525837.3393558015,0,0.0,1525837.3393558015,0.0
2025-05-21,0.0,7.439000129699707,1525837.3393558015,0,0.0,1525837.3393558015,0.0
2025-05-22,0.0,7.449999809265137,1525837.3393558015,0,0.0,1525837.3393558015,0.0
2025-05-23,0.0,7.453999996185303,1525837.3393558015,0,0.0,1525837.3393558015,0.0
2025-05-26,0.0,7.425000190734863,1525837.3393558015,0,0.0,1525837.3393558015,0.0
2025-05-27,0.0,7.366000175476074,1525837.3393558015,0,0.0,1525837.3393558015,0.0
2025-05-28,0.0,7.375,1525837.3393558015,0,0.0,1525837.3393558015,0.0
2025-05-29,0.0,7.300000190734863,1525837.3393558015,0,0.0,1525837.3393558015,0.0
2025-05-30,1.0,7.36899995803833,5.9149184208363295,206854,1524307.1173200607,1524313.0322384816,-1524.3071173198987
2025-06-03,0.0,7.478000164031982,5.9149184208363295,206854,1546854.2459306717,1546860.1608490925,22547.128610610962
2025-06-04,0.0,7.473999977111816,5.9149184208363295,206854,1546026.7912654877,1546032.7061839085,-827.454665184021
2025-06-05,0.0,7.482999801635742,5.9149184208363295,206854,1547888.4409675598,1547894.3558859807,1861.6497020721436
2025-06-06,0.0,7.480999946594238,5.9149184208363295,206854,1547474.7629528046,1547480.6778712254,-413.678014755249
2025-06-09,0.0,7.400000095367432,5.9149184208363295,206854,1530719.6197271347,1530725.5346455555,-16755.14322566986
2025-06-10,0.0,7.40500020980835,5.9149184208363295,206854,1531753.9133996964,1531759.8283181172,1034.2936725616455
2025-06-11,0.0,7.427999973297119,5.9149184208363295,206854,1536511.5064764023,1536517.4213948231,4757.593076705933
2025-06-12,0.0,7.497000217437744,5.9149184208363295,206854,1550784.4829778671,1550790.397896288,14272.976501464844
2025-06-13,0.0,7.5879998207092285,5.9149184208363295,206854,1569608.1149129868,1569614.0298314076,18823.63193511963
2025-06-16,0.0,7.563000202178955,5.9149184208363295,206854,1564436.8438215256,1564442.7587399464,-5171.271091461182
2025-06-17,0.0,7.499000072479248,5.9149184208363295,206854,1551198.1609926224,1551204.0759110432,-13238.682828903198
2025-06-18,0.0,7.502999782562256,5.9149184208363295,206854,1552025.5170221329,1552031.4319405537,827.356029510498
2025-06-19,0.0,7.465000152587891,5.9149184208363295,206854,1544165.1415634155,1544171.0564818364,-7860.375458717346
2025-06-20,0.0,7.435999870300293,5.9149184208363295,206854,1538166.3171710968,1538172.2320895176,-5998.824392318726
2025-06-23,0.0,7.464000225067139,5.9149184208363295,206854,1543958.302556038,1543964.2174744587,5791.985384941101
2025-06-24,0.0,7.372000217437744,5.9149184208363295,206854,1524927.7329778671,1524933.647896288,-19030.569578170776
2025-06-25,0.0,7.392000198364258,5.9149184208363295,206854,1529064.8090324402,1529070.723950861,4137.076054573059
2025-06-26,0.0,7.40500020980835,5.9149184208363295,206854,1531753.9133996964,1531759.8283181172,2689.1043672561646
2025-06-27,0.0,7.326000213623047,5.9149184208363295,206854,1515412.4481887817,1515418.3631072026,-16341.465210914612
2025-06-30,0.0,7.314000129699707,5.9149184208363295,206854,1512930.1828289032,1512936.097747324,-2482.26535987854
2025-07-01,0.0,7.396999835968018,5.9149184208363295,206854,1530099.0040693283,1530104.9189877491,17168.82124042511
2025-07-02,0.0,7.394000053405762,5.9149184208363295,206854,1529478.4870471954,1529484.4019656163,-620.5170221328735
2025-07-03,0.0,7.445000171661377,5.9149184208363295,206854,1540028.0655088425,1540033.9804272633,10549.578461647034
2025-07-04,0.0,7.4070000648498535,5.9149184208363295,206854,1532167.5914144516,1532173.5063328724,-7860.474094390869
2025-07-07,0.0,7.355000019073486,5.9149184208363295,206854,1521411.173945427,1521417.0888638478,-10756.417469024658
2025-07-08,0.0,7.3979997634887695,5.9149184208363295,206854,1530305.843076706,1530311.7579951268,8894.669131278992
2025-07-09,0.0,7.314000129699707,5.9149184208363295,206854,1512930.1828289032,1512936.097747324,-17375.660247802734
2025-07-10,0.0,7.370999813079834,5.9149184208363295,206854,1524720.795334816,1524726.7102532368,11790.61250591278
2025-07-11,0.0,7.375999927520752,5.9149184208363295,206854,1525755.0890073776,1525761.0039257985,1034.2936725616455
2025-07-14,0.0,7.440000057220459,5.9149184208363295,206854,1538993.7718362808,1538999.6867547017,13238.682828903198
2025-07-15,0.0,7.435999870300293,5.9149184208363295,206854,1538166.3171710968,1538172.2320895176,-827.454665184021
2025-07-16,0.0,7.4019999504089355,5.9149184208363295,206854,1531133.29774189,1531139.2126603108,-7033.019429206848
2025-07-17,0.0,7.396999835968018,5.9149184208363295,206854,1530099.0040693283,1530104.9189877491,-1034.2936725616455
2025-07-18,0.0,7.4029998779296875,5.9149184208363295,206854,1531340.1367492676,1531346.0516676884,1241.13267993927
2025-07-21,0.0,7.446000099182129,5.9149184208363295,206854,1540234.90451622,1540240.819434641,8894.767766952515
2025-07-22,0.0,7.473999977111816,5.9149184208363295,206854,1546026.7912654877,1546032.7061839085,5791.886749267578
2025-07-23,0.0,7.547999858856201,5.9149184208363295,206854,1561333.9628038406,1561339.8777222615,15307.171538352966
2025-07-24,-1.0,7.423999786376953,1534154.2826778279,0,0.0,1534154.2826778279,-27185.595044433605
2025-07-25,0.0,7.408999919891357,1534154.2826778279,0,0.0,1534154.2826778279,0.0
2025-07-28,0.0,7.388000011444092,1534154.2826778279,0,0.0,1534154.2826778279,0.0
2025-07-29,0.0,7.36299991607666,1534154.2826778279,0,0.0,1534154.2826778279,0.0
2025-07-30,0.0,7.376999855041504,1534154.2826778279,0,0.0,1534154.2826778279,0.0
2025-07-31,0.0,7.349999904632568,1534154.2826778279,0,0.0,1534154.2826778279,0.0
2025-08-01,0.0,7.3520002365112305,1534154.2826778279,0,0.0,1534154.2826778279,0.0
2025-08-04,0.0,7.446000099182129,1534154.2826778279,0,0.0,1534154.2826778279,0.0
2025-08-05,0.0,7.454999923706055,1534154.2826778279,0,0.0,1534154.2826778279,0.0
2025-08-06,0.0,7.4679999351501465,1534154.2826778279,0,0.0,1534154.2826778279,0.0
2025-08-07,0.0,7.484000205993652,1534154.2826778279,0,0.0,1534154.2826778279,0.0
2025-08-08,0.0,7.507999897003174,1534154.2826778279,0,0.0,1534154.2826778279,0.0
2025-08-11,0.0,7.428999900817871,1534154.2826778279,0,0.0,1534154.2826778279,0.0
2025-08-12,0.0,7.39900016784668,1534154.2826778279,0,0.0,1534154.2826778279,0.0
2025-08-13,0.0,7.414999961853027,1534154.2826778279,0,0.0,1534154.2826778279,0.0
2025-08-14,0.0,7.423999786376953,1534154.2826778279,0,0.0,1534154.2826778279,0.0
2025-08-15,0.0,7.401000022888184,1534154.2826778279,0,0.0,1534154.2826778279,0.0
2025-08-18,0.0,7.413000106811523,1534154.2826778279,0,0.0,1534154.2826778279,0.0
2025-08-19,0.0,7.390999794006348,1534154.2826778279,0,0.0,1534154.2826778279,0.0
2025-08-20,0.0,7.374000072479248,1534154.2826778279,0,0.0,1534154.2826778279,0.0
2025-08-21,0.0,7.394000053405762,1534154.2826778279,0,0.0,1534154.2826778279,0.0
2025-08-22,0.0,7.377999782562256,1534154.2826778279,0,0.0,1534154.2826778279,0.0
2025-08-25,0.0,7.427000045776367,1534154.2826778279,0,0.0,1534154.2826778279,0.0
2025-08-26,0.0,7.448999881744385,1534154.2826778279,0,0.0,1534154.2826778279,0.0
2025-08-27,0.0,7.449999809265137,1534154.2826778279,0,0.0,1534154.2826778279,0.0
2025-08-28,0.0,7.4679999351501465,1534154.2826778279,0,0.0,1534154.2826778279,0.0
2025-08-29,0.0,7.486000061035156,1534154.2826778279,0,0.0,1534154.2826778279,0.0
2025-09-01,0.0,7.646999835968018,1534154.2826778279,0,0.0,1534154.2826778279,0.0
2025-09-02,0.0,7.670000076293945,1534154.2826778279,0,0.0,1534154.2826778279,0.0
2025-09-03,0.0,7.76800012588501,1534154.2826778279,0,0.0,1534154.2826778279,0.0
2025-09-04,0.0,7.75,1534154.2826778279,0,0.0,1534154.2826778279,0.0
2025-09-05,0.0,7.775000095367432,1534154.2826778279,0,0.0,1534154.2826778279,0.0
2025-09-08,0.0,7.8470001220703125,1534154.2826778279,0,0.0,1534154.2826778279,0.0
2025-09-09,0.0,7.966000080108643,1534154.2826778279,0,0.0,1534154.2826778279,0.0
2025-09-10,0.0,7.947000026702881,1534154.2826778279,0,0.0,1534154.2826778279,0.0
2025-09-11,0.0,7.922999858856201,1534154.2826778279,0,0.0,1534154.2826778279,0.0
2025-09-12,0.0,7.953999996185303,1534154.2826778279,0,0.0,1534154.2826778279,0.0
2025-09-15,0.0,7.931000232696533,1534154.2826778279,0,0.0,1534154.2826778279,0.0
2025-09-16,0.0,8.031999588012695,1534154.2826778279,0,0.0,1534154.2826778279,0.0
2025-09-17,-1.0,7.964000225067139,1534154.2826778279,0,0.0,1534154.2826778279,0.0
2025-09-18,0.0,7.861999988555908,1534154.2826778279,0,0.0,1534154.2826778279,0.0
2025-09-19,0.0,7.8979997634887695,1534154.2826778279,0,0.0,1534154.2826778279,0.0
2025-09-22,0.0,8.04800033569336,1534154.2826778279,0,0.0,1534154.2826778279,0.0
2025-09-23,0.0,8.142999649047852,1534154.2826778279,0,0.0,1534154.2826778279,0.0
2025-09-24,0.0,8.1899995803833,1534154.2826778279,0,0.0,1534154.2826778279,0.0
2025-09-25,0.0,8.145999908447266,1534154.2826778279,0,0.0,1534154.2826778279,0.0
2025-09-26,0.0,8.15999984741211,1534154.2826778279,0,0.0,1534154.2826778279,0.0
2025-09-29,0.0,8.258999824523926,1534154.2826778279,0,0.0,1534154.2826778279,0.0
2025-09-30,0.0,8.33899974822998,1534154.2826778279,0,0.0,1534154.2826778279,0.0
2025-10-09,0.0,8.729000091552734,1534154.2826778279,0,0.0,1534154.2826778279,0.0
2025-10-10,0.0,8.60200023651123,1534154.2826778279,0,0.0,1534154.2826778279,0.0
2025-10-13,0.0,8.859000205993652,1534154.2826778279,0,0.0,1534154.2826778279,0.0
2025-10-14,0.0,8.97599983215332,1534154.2826778279,0,0.0,1534154.2826778279,0.0
2025-10-15,0.0,9.187000274658203,1534154.2826778279,0,0.0,1534154.2826778279,0.0
2025-10-16,0.0,9.244000434875488,1534154.2826778279,0,0.0,1534154.2826778279,0.0
2025-10-17,0.0,9.567999839782715,1534154.2826778279,0,0.0,1534154.2826778279,0.0
2025-10-20,-1.0,9.267999649047852,1534154.2826778279,0,0.0,1534154.2826778279,0.0
2025-10-21,0.0,9.489999771118164,1534154.2826778279,0,0.0,1534154.2826778279,0.0
2025-10-22,0.0,9.10099983215332,1534154.2826778279,0,0.0,1534154.2826778279,0.0
2025-10-23,0.0,8.994000434875488,1534154.2826778279,0,0.0,1534154.2826778279,0.0
2025-10-27,0.0,8.913999557495117,1534154.2826778279,0,0.0,1534154.2826778279,0.0
2025-10-28,0.0,8.597000122070312,1534154.2826778279,0,0.0,1534154.2826778279,0.0
2025-10-29,0.0,8.692000389099121,1534154.2826778279,0,0.0,1534154.2826778279,0.0
